MUNICIPIO,SECCION,LISTA_NOMINAL,VOTOS_EMITIDOS,PARTICIPACION,1ER_LUGAR,1ERO_VOTOS,2DO_LUGAR,2DO_VOTOS,3ER_LUGAR,3RO_VOTOS,PAN,PRI,PRD,MC,PVEM,MORENA,PT,QI,PES,RSP,FxM,PAN_QI,NULOS
VOTO EN EL EXTRANJERO,0,992,638,0.6431451613,PAN,402,MORENA,143,PRI,21,402,21,2,13,4,143,2,11,0,3,2,21,6
AMEALCO DE BONFIL,1,1070,729,0.6813084112,PAN,358,PRI,186,MORENA,129,358,186,2,15,16,129,4,3,2,4,1,0,9
AMEALCO DE BONFIL,2,965,619,0.6414507772,PAN,296,PRI,159,MORENA,108,296,159,1,8,19,108,3,0,0,1,4,0,20
AMEALCO DE BONFIL,3,1571,1238,0.7880330999,PAN,518,PRI,358,MORENA,253,518,358,3,17,25,253,6,2,5,11,17,3,20
AMEALCO DE BONFIL,4,1742,938,0.5384615385,PAN,408,PRI,247,MORENA,179,408,247,5,17,30,179,2,11,1,2,4,1,31
AMEALCO DE BONFIL,5,1636,1014,0.619804401,PAN,433,PRI,291,MORENA,174,433,291,10,13,21,174,6,4,5,16,13,1,26
AMEALCO DE BONFIL,6,977,483,0.494370522,PAN,219,PRI,160,MORENA,51,219,160,4,17,7,51,1,1,0,2,4,0,17
AMEALCO DE BONFIL,7,804,450,0.5597014925,PAN,196,PRI,152,MORENA,44,196,152,5,4,13,44,1,2,7,6,4,1,15
AMEALCO DE BONFIL,8,1313,709,0.5399847677,PAN,319,PRI,253,MORENA,83,319,253,2,6,13,83,2,3,2,2,3,0,21
AMEALCO DE BONFIL,9,1957,906,0.4629535003,PAN,490,PRI,273,MORENA,49,490,273,0,26,8,49,3,2,2,2,7,1,43
AMEALCO DE BONFIL,10,1184,642,0.5422297297,PRI,267,PAN,252,MORENA,64,252,267,1,10,16,64,2,0,7,2,4,1,16
AMEALCO DE BONFIL,11,1575,949,0.6025396825,PAN,386,PRI,274,MORENA,186,386,274,6,10,21,186,4,6,8,3,9,3,32
AMEALCO DE BONFIL,12,881,567,0.6435868331,PRI,209,PAN,157,PAN,157,157,209,1,2,9,157,1,1,2,4,2,2,20
AMEALCO DE BONFIL,13,1762,1045,0.5930760499,PAN,418,PRI,338,MORENA,196,418,338,4,10,16,196,3,4,9,8,5,3,31
AMEALCO DE BONFIL,14,2548,1537,0.6032182104,PAN,649,PRI,558,MORENA,191,649,558,5,23,28,191,4,2,8,6,18,6,39
AMEALCO DE BONFIL,15,2256,1330,0.5895390071,MORENA,573,PAN,311,PRI,293,311,293,4,10,26,573,8,1,15,21,7,5,56
AMEALCO DE BONFIL,16,1122,708,0.6310160428,PAN,362,PRI,171,MORENA,119,362,171,3,3,16,119,4,2,2,4,2,0,20
AMEALCO DE BONFIL,17,1569,988,0.6297004461,PAN,394,PRI,360,MORENA,177,394,360,4,5,8,177,5,1,1,6,5,2,20
AMEALCO DE BONFIL,18,730,446,0.6109589041,PRI,172,PAN,169,MORENA,57,169,172,4,7,7,57,1,3,0,8,3,5,10
AMEALCO DE BONFIL,20,833,533,0.6398559424,PAN,247,PRI,119,MORENA,105,247,119,1,10,10,105,6,3,5,6,1,1,19
AMEALCO DE BONFIL,21,651,401,0.6159754224,PRI,140,MORENA,111,PAN,110,110,140,3,6,7,111,1,0,1,1,1,0,20
AMEALCO DE BONFIL,22,2100,1234,0.5876190476,MORENA,552,PAN,310,PRI,236,310,236,12,17,19,552,9,5,10,8,7,4,45
AMEALCO DE BONFIL,23,2078,1307,0.6289701636,PAN,506,PRI,413,MORENA,293,506,413,4,20,21,293,4,3,0,7,6,2,27
AMEALCO DE BONFIL,24,2300,1608,0.6991304348,PAN,629,PRI,461,MORENA,392,629,461,1,12,10,392,4,1,4,24,4,5,61
AMEALCO DE BONFIL,25,1500,988,0.6586666667,PAN,372,PRI,284,MORENA,230,372,284,6,30,7,230,7,1,8,8,3,2,30
AMEALCO DE BONFIL,26,1475,946,0.6413559322,PAN,381,PRI,341,MORENA,159,381,341,4,4,4,159,1,2,8,3,7,0,32
AMEALCO DE BONFIL,27,1138,753,0.6616871705,PAN,349,MORENA,195,PRI,153,349,153,2,4,5,195,2,2,6,4,13,0,18
AMEALCO DE BONFIL,28,913,568,0.6221248631,PAN,240,PRI,191,MORENA,80,240,191,5,8,7,80,3,0,7,19,2,1,5
AMEALCO DE BONFIL,29,939,564,0.6006389776,PAN,233,MORENA,139,PRI,119,233,119,0,4,8,139,3,5,1,14,1,1,36
AMEALCO DE BONFIL,30,1289,905,0.702094647,PAN,433,PRI,235,MORENA,159,433,235,1,5,11,159,4,1,6,9,11,0,30
AMEALCO DE BONFIL,31,822,466,0.5669099757,PAN,192,MORENA,122,PRI,106,192,106,3,0,3,122,0,3,0,6,3,3,25
AMEALCO DE BONFIL,32,1259,708,0.5623510723,PAN,276,MORENA,184,PRI,167,276,167,5,10,3,184,1,4,5,9,4,3,37
AMEALCO DE BONFIL,33,2306,1298,0.5628794449,PAN,524,PRI,342,MORENA,294,524,342,16,15,12,294,8,5,5,9,3,4,61
AMEALCO DE BONFIL,34,676,497,0.7352071006,PRI,283,PAN,152,MORENA,41,152,283,1,0,4,41,2,0,2,1,0,0,11
ARROYO SECO,35,1807,1262,0.69839513,PAN,576,MORENA,292,PRI,250,576,250,7,10,17,292,9,15,0,5,4,11,65
ARROYO SECO,36,765,503,0.6575163399,PAN,205,MORENA,126,PRI,117,205,117,2,4,3,126,1,2,4,1,0,7,31
ARROYO SECO,37,281,183,0.6512455516,MORENA,74,PAN,65,PRI,29,65,29,0,1,1,74,1,3,0,0,0,1,8
ARROYO SECO,38,195,132,0.6769230769,PAN,65,PRI,32,MORENA,16,65,32,1,1,1,16,0,0,0,2,1,3,10
ARROYO SECO,39,2204,1375,0.6238656987,PAN,615,MORENA,401,PRI,217,615,217,13,6,10,401,2,9,6,12,10,6,64
ARROYO SECO,40,261,188,0.7203065134,PAN,92,MORENA,42,PRI,35,92,35,1,0,4,42,0,0,1,0,4,0,6
ARROYO SECO,41,997,639,0.6409227683,PAN,276,MORENA,165,PRI,132,276,132,10,1,6,165,1,2,7,6,7,1,25
ARROYO SECO,42,1012,643,0.6353754941,PAN,268,MORENA,205,PRI,106,268,106,2,6,5,205,0,8,2,3,1,6,30
ARROYO SECO,43,941,621,0.659936238,PAN,349,PRI,112,MORENA,104,349,112,3,1,2,104,1,3,1,3,3,4,35
ARROYO SECO,44,354,273,0.7711864407,PAN,151,PRI,72,MORENA,38,151,72,1,0,0,38,0,1,1,0,0,2,7
ARROYO SECO,45,2605,1728,0.6633397313,PAN,841,MORENA,536,PRI,210,841,210,4,5,13,536,7,9,6,5,6,14,72
CADEREYTA DE MONTES,46,3277,1782,0.5437900519,PAN,748,MORENA,550,PRI,232,748,232,2,23,71,550,5,9,9,11,57,7,57
CADEREYTA DE MONTES,47,2234,1254,0.5613249776,PAN,634,MORENA,307,PRI,109,634,109,2,19,53,307,6,17,5,11,60,4,27
CADEREYTA DE MONTES,48,2168,1962,0.9049815498,PAN,1002,MORENA,430,PRI,218,1002,218,9,23,52,430,4,38,99,11,32,1,43
CADEREYTA DE MONTES,49,2476,1471,0.5941033926,PAN,763,MORENA,360,PRI,174,763,174,8,19,52,360,6,11,3,10,32,2,31
CADEREYTA DE MONTES,51,824,476,0.5776699029,PAN,249,MORENA,122,PRI,39,249,39,1,8,22,122,2,2,0,5,14,4,8
CADEREYTA DE MONTES,52,1370,454,0.3313868613,MORENA,197,PAN,120,PRI,43,120,43,1,2,23,197,0,2,7,5,40,0,14
CADEREYTA DE MONTES,53,1031,417,0.4044616877,PAN,162,PAN_QI,90,PRI,63,162,63,2,1,27,38,2,4,0,2,9,90,17
CADEREYTA DE MONTES,54,898,585,0.6514476615,PAN,212,PRI,139,PAN_QI,110,212,139,2,1,33,46,0,5,2,2,11,110,22
CADEREYTA DE MONTES,55,1220,769,0.6303278689,PAN,382,MORENA,176,PRI,169,382,169,1,4,15,176,0,1,0,1,9,0,11
CADEREYTA DE MONTES,56,1095,545,0.497716895,PAN,259,MORENA,124,PRI,66,259,66,4,5,33,124,0,0,1,5,8,1,39
CADEREYTA DE MONTES,57,750,403,0.5373333333,PAN,256,MORENA,72,PRI,24,256,24,0,0,17,72,2,1,1,1,7,0,22
CADEREYTA DE MONTES,58,1220,621,0.5090163934,PAN,276,MORENA,114,PRI,112,276,112,5,12,35,114,0,1,2,7,22,0,35
CADEREYTA DE MONTES,59,930,414,0.4451612903,PAN,204,MORENA,70,PRI,43,204,43,4,2,36,70,2,3,2,6,15,2,25
CADEREYTA DE MONTES,60,1726,793,0.4594438007,MORENA,393,PAN,193,PRI,61,193,61,10,6,23,393,4,9,10,16,26,0,41
CADEREYTA DE MONTES,61,2232,1211,0.542562724,PAN,572,MORENA,231,PRI,225,572,225,9,16,71,231,1,17,7,6,17,3,35
CADEREYTA DE MONTES,62,656,292,0.4451219512,PAN,154,MORENA,45,PVEM,37,154,27,3,1,37,45,2,2,2,1,3,1,14
CADEREYTA DE MONTES,63,1241,484,0.390008058,PAN,206,MORENA,114,PRI,94,206,94,2,3,15,114,0,2,4,4,14,0,26
CADEREYTA DE MONTES,64,1004,500,0.4980079681,PAN,229,MORENA,106,PRI,87,229,87,1,5,23,106,0,3,0,6,23,0,17
CADEREYTA DE MONTES,65,2169,1180,0.5440295067,PAN,556,PRI,239,MORENA,234,556,239,2,12,46,234,6,8,6,8,26,1,35
CADEREYTA DE MONTES,66,3666,1915,0.5223677032,PAN,906,MORENA,346,PRI,322,906,322,14,27,115,346,5,15,11,19,52,2,81
CADEREYTA DE MONTES,67,993,446,0.4491440081,PAN,242,MORENA,99,PRI,40,242,40,1,3,18,99,2,2,1,1,15,0,22
CADEREYTA DE MONTES,68,928,480,0.5172413793,PAN,288,PRI,132,NULOS,19,288,132,2,1,5,14,0,1,0,1,17,0,19
CADEREYTA DE MONTES,69,2238,1345,0.6009830206,PAN,594,MORENA,370,PRI,203,594,203,8,14,52,370,8,5,4,11,36,7,33
CADEREYTA DE MONTES,70,3021,1290,0.4270109235,PAN,449,MORENA,351,FxM,147,449,141,14,12,68,351,4,15,6,12,147,5,66
CADEREYTA DE MONTES,71,2250,1184,0.5262222222,PAN,548,PRI,282,MORENA,210,548,282,10,17,42,210,7,4,3,8,24,1,28
CADEREYTA DE MONTES,72,2201,1119,0.5084052703,PAN,507,MORENA,242,PRI,148,507,148,4,20,76,242,4,7,8,5,61,2,34
CADEREYTA DE MONTES,73,2389,1271,0.5320217664,PAN,583,MORENA,304,PRI,247,583,247,0,12,26,304,4,5,2,9,39,7,33
CADEREYTA DE MONTES,74,1019,594,0.5829244357,PAN,306,PRI,164,MORENA,81,306,164,1,2,5,81,4,3,4,1,10,1,12
CADEREYTA DE MONTES,75,2147,1093,0.5090824406,PAN,462,PRI,272,MORENA,201,462,272,11,10,23,201,8,8,15,7,28,2,45
COLON,76,1685,1083,0.6427299703,PAN,479,PRI,250,MORENA,154,479,250,5,16,38,154,3,33,5,10,46,24,20
COLON,77,1896,1245,0.6566455696,PAN,506,MORENA,283,PRI,257,506,257,2,15,26,283,3,44,5,11,54,13,25
COLON,78,1409,1146,0.8133427963,PAN,454,PAN_QI,219,MORENA,171,454,165,3,10,26,171,2,21,16,8,26,219,25
COLON,79,3868,2301,0.5948810755,PAN,964,PRI,536,MORENA,427,964,536,7,37,75,427,5,77,20,18,61,11,60
COLON,80,493,387,0.784989858,PAN_QI,109,PRI,103,PAN,102,102,103,2,5,5,29,0,7,1,2,4,109,18
COLON,81,1496,888,0.5935828877,PAN,461,PRI,287,NULOS,34,461,287,1,1,9,30,5,31,1,1,2,25,34
COLON,82,1229,837,0.6810414972,PAN,355,PRI,311,MORENA,80,355,311,4,14,9,80,1,17,5,6,6,9,20
COLON,83,3436,2224,0.6472642608,PAN,1144,PRI,693,MORENA,159,1144,693,8,9,32,159,1,45,21,4,22,27,59
COLON,84,1554,865,0.5566280566,PAN,366,PRI,271,MORENA,76,366,271,2,6,10,76,3,21,8,7,47,10,37
COLON,85,1122,660,0.5882352941,MORENA,226,PAN,217,PRI,79,217,79,2,9,17,226,1,50,7,9,11,7,25
COLON,86,1534,812,0.5293350717,PAN,360,PRI,243,MORENA,107,360,243,0,6,16,107,4,19,10,3,14,2,27
COLON,87,2139,1152,0.538569425,PAN,455,MORENA,285,PRI,242,455,242,10,17,30,285,3,28,14,9,40,0,19
COLON,88,2680,1474,0.55,PAN,594,MORENA,299,PRI,289,594,289,11,18,34,299,5,68,13,8,66,22,47
COLON,90,1687,1078,0.6390041494,PAN,412,PRI,253,MORENA,197,412,253,4,9,22,197,2,108,9,8,16,12,26
COLON,91,1714,1071,0.6248541424,PAN,394,PRI,281,MORENA,159,394,281,5,15,37,159,2,87,8,6,19,11,46
COLON,92,4312,2484,0.5760667904,PAN,848,MORENA,637,PRI,484,848,484,23,58,59,637,13,113,18,32,84,38,76
COLON,94,3104,1505,0.4848582474,PAN,705,PRI,283,MORENA,193,705,283,9,20,40,193,2,66,15,28,42,43,59
COLON,95,2371,1386,0.5845634753,PAN,484,MORENA,302,PRI,297,484,297,5,12,20,302,8,33,10,7,64,121,23
COLON,96,3079,1629,0.5290678792,MORENA,593,PAN,454,PRI,350,454,350,5,17,38,593,9,45,12,9,41,19,37
CORREGIDORA,97,6365,3576,0.5618224666,PAN,2612,MORENA,523,PRI,172,2612,172,29,53,75,523,8,11,10,37,10,6,30
CORREGIDORA,98,4205,2354,0.5598097503,PAN,1608,MORENA,417,PRI,118,1608,118,12,27,47,417,13,13,14,17,17,9,42
CORREGIDORA,99,15438,7767,0.503109211,PAN,5580,MORENA,1300,PRI,362,5580,362,41,98,105,1300,38,30,25,39,38,37,69
CORREGIDORA,100,2117,1287,0.6079357581,PAN,881,MORENA,215,PRI,84,881,84,8,20,21,215,5,10,0,11,5,13,12
CORREGIDORA,101,4076,2314,0.5677134446,PAN,1588,MORENA,410,PRI,145,1588,145,13,33,46,410,5,9,7,14,9,12,21
CORREGIDORA,102,1774,1008,0.5682074408,PAN,509,MORENA,245,PRI,109,509,109,8,25,33,245,16,4,11,19,7,4,17
CORREGIDORA,103,5217,2600,0.4983707111,PAN,1518,MORENA,607,PRI,187,1518,187,16,39,89,607,15,15,12,17,26,17,40
CORREGIDORA,104,1858,882,0.4747039828,PAN,365,MORENA,304,PRI,72,365,72,7,20,41,304,9,8,9,13,9,1,23
CORREGIDORA,105,10074,3741,0.3713519952,PAN,1457,MORENA,1062,PRI,528,1457,528,41,63,171,1062,81,25,31,27,42,111,101
CORREGIDORA,106,2188,932,0.4259597806,PAN,339,MORENA,315,PRI,91,339,91,8,26,58,315,12,27,8,7,9,8,24
CORREGIDORA,107,2010,874,0.4348258706,PAN,392,MORENA,267,PRI,100,392,100,10,12,34,267,11,9,3,4,12,3,17
CORREGIDORA,108,2382,1013,0.4252728799,PAN,458,MORENA,284,PRI,83,458,83,13,20,57,284,5,16,5,11,21,4,35
CORREGIDORA,109,2138,909,0.4251637044,PAN,390,MORENA,281,PVEM,69,390,40,4,22,69,281,10,15,13,7,12,11,34
CORREGIDORA,110,3044,1670,0.5486202365,PAN,958,MORENA,419,PRI,115,958,115,19,37,37,419,15,9,7,6,13,8,26
CORREGIDORA,111,2665,1290,0.4840525328,PAN,673,MORENA,354,PRI,107,673,107,9,29,35,354,15,10,8,8,6,5,31
CORREGIDORA,113,9690,7154,0.7382868937,PAN,5593,MORENA,935,PRI,263,5593,263,28,74,68,935,15,37,15,20,28,16,56
CORREGIDORA,114,7563,3593,0.475076028,PAN,1973,MORENA,936,PRI,234,1973,234,33,61,84,936,38,26,67,29,21,31,58
CORREGIDORA,115,9488,4993,0.5262436762,PAN,3330,MORENA,831,PRI,413,3330,413,24,59,96,831,37,33,13,25,28,16,78
CORREGIDORA,116,4383,1883,0.4296144193,PAN,666,MORENA,576,PRI,264,666,264,20,46,103,576,33,15,27,25,25,7,74
CORREGIDORA,117,5190,3562,0.6863198459,PAN,2889,MORENA,325,PRI,113,2889,113,18,47,41,325,17,14,9,12,25,14,36
CORREGIDORA,118,2836,1014,0.3575458392,PAN,479,PRI,211,MORENA,171,479,211,9,18,48,171,8,4,7,8,11,4,35
CORREGIDORA,119,1577,771,0.4889029803,PAN,349,PRI,190,MORENA,124,349,190,5,15,18,124,3,12,4,12,10,1,28
CORREGIDORA,120,3125,1471,0.47072,PAN,506,MORENA,443,PRI,246,506,246,19,33,87,443,21,7,23,23,14,3,45
CORREGIDORA,121,3515,1416,0.4028449502,PAN,664,MORENA,294,PRI,176,664,176,12,40,83,294,13,22,14,23,12,12,50
EZEQUIEL MONTES,122,2083,1169,0.5612097936,PAN,731,MORENA,180,PRI,122,731,122,4,11,20,180,9,22,3,6,5,20,35
EZEQUIEL MONTES,123,1659,1032,0.6220614828,PAN,569,MORENA,202,PRI,134,569,134,4,14,11,202,12,22,6,11,5,16,26
EZEQUIEL MONTES,124,2209,1264,0.5722046175,PAN,688,MORENA,268,PRI,157,688,157,8,21,22,268,7,17,12,10,15,10,29
EZEQUIEL MONTES,125,1280,850,0.6640625,PAN,516,MORENA,138,PRI,104,516,104,2,15,14,138,3,13,7,6,6,12,14
EZEQUIEL MONTES,126,1225,684,0.5583673469,PAN,388,MORENA,117,PRI,83,388,83,2,12,13,117,3,5,3,16,5,4,27
EZEQUIEL MONTES,127,3419,2030,0.5937408599,PAN,1257,MORENA,352,PRI,211,1257,211,12,37,27,352,13,29,11,15,11,21,34
EZEQUIEL MONTES,128,4143,2502,0.60391021,PAN,1591,MORENA,378,PRI,255,1591,255,9,29,54,378,17,29,24,11,21,12,71
EZEQUIEL MONTES,129,1275,836,0.6556862745,PAN,596,MORENA,114,PRI,71,596,71,3,2,9,114,2,5,1,3,1,8,21
EZEQUIEL MONTES,130,2079,1677,0.8066378066,PAN,1191,PRI,181,MORENA,137,1191,181,9,13,24,137,8,22,7,20,2,20,43
EZEQUIEL MONTES,131,1900,1158,0.6094736842,PAN,888,PRI,126,MORENA,56,888,126,1,6,5,56,7,19,1,5,2,11,31
EZEQUIEL MONTES,132,1456,916,0.6291208791,PAN,602,MORENA,134,PRI,66,602,66,5,24,18,134,6,22,4,4,5,10,16
EZEQUIEL MONTES,133,2567,1550,0.603817686,PAN,827,MORENA,310,PRI,145,827,145,9,29,54,310,15,32,16,15,11,9,76
EZEQUIEL MONTES,134,1538,1128,0.733420026,PAN,619,MORENA,220,PRI,101,619,101,8,26,37,220,9,29,7,9,6,11,46
EZEQUIEL MONTES,135,1589,1136,0.7149150409,PAN,568,MORENA,199,PRI,156,568,156,6,31,43,199,6,41,10,11,9,19,37
EZEQUIEL MONTES,136,1697,1209,0.7124337065,PAN,569,MORENA,293,PRI,127,569,127,19,31,39,293,6,24,11,24,12,8,46
EZEQUIEL MONTES,137,1505,1062,0.7056478405,PAN,661,PRI,151,MORENA,124,661,151,6,10,21,124,7,20,10,6,10,6,30
EZEQUIEL MONTES,138,611,429,0.7021276596,PAN,293,PRI,49,MORENA,33,293,49,1,8,4,33,0,5,4,6,5,10,10
HUIMILPAN,139,2533,1428,0.5637583893,PAN,542,PRI,320,MORENA,202,542,320,10,27,137,202,8,19,23,46,18,1,73
HUIMILPAN,140,1577,775,0.491439442,PAN,317,PRI,204,MORENA,85,317,204,1,24,66,85,1,10,2,19,5,3,38
HUIMILPAN,141,2558,1789,0.6993745113,PAN,643,PAN_QI,277,MORENA,207,643,169,19,16,202,207,0,73,21,43,68,277,51
HUIMILPAN,142,1324,721,0.5445619335,PAN,346,PRI,126,PVEM,76,346,126,14,6,76,67,0,10,4,31,13,5,23
HUIMILPAN,143,2073,903,0.4356005789,PAN,448,PRI,150,PVEM,121,448,150,16,4,121,79,2,7,8,22,4,2,40
HUIMILPAN,144,3908,2499,0.639457523,PAN,1367,PAN_QI,280,PRI,236,1367,236,55,33,191,198,5,25,10,40,15,280,43
HUIMILPAN,145,2407,1117,0.4640631491,PAN,478,PVEM,171,PRI,166,478,166,30,23,171,117,4,11,8,23,20,4,62
HUIMILPAN,146,1148,574,0.5,PAN,338,PRI,70,PVEM,54,338,70,4,11,54,43,2,0,3,17,3,2,27
HUIMILPAN,147,3249,1653,0.5087719298,PAN,829,PRI,293,PVEM,216,829,293,19,22,216,125,8,9,10,36,6,9,71
HUIMILPAN,148,1553,656,0.4224082421,PAN,244,PRI,171,PVEM,82,244,171,29,6,82,54,1,11,9,15,6,1,26
HUIMILPAN,149,1582,682,0.4310998736,PAN,305,PRI,108,PVEM,104,305,108,9,8,104,65,3,13,3,20,11,1,32
HUIMILPAN,150,2161,780,0.3609440074,PAN,324,PRI,183,PVEM,100,324,183,11,13,100,42,5,8,20,20,8,1,45
HUIMILPAN,151,1388,625,0.4502881844,PAN,226,PRI,141,PVEM,80,226,141,13,11,80,33,2,8,22,23,8,1,57
HUIMILPAN,152,2647,1183,0.4469210427,PAN,488,PRI,239,PVEM,170,488,239,7,14,170,151,2,27,6,10,12,2,55
JALPAN DE SERRA,153,3821,2223,0.5817848731,PAN,1073,MORENA,722,PRI,228,1073,228,4,27,12,722,13,30,3,13,16,15,65
JALPAN DE SERRA,154,2469,1840,0.7452409883,PAN,981,MORENA,512,PRI,168,981,168,9,20,11,512,3,34,7,7,22,11,55
JALPAN DE SERRA,155,3020,1747,0.5784768212,PAN,853,MORENA,515,PRI,163,853,163,6,29,15,515,15,37,8,7,18,10,70
JALPAN DE SERRA,156,2199,1360,0.6184629377,PAN,764,MORENA,336,PRI,140,764,140,4,18,8,336,7,24,3,3,7,11,35
JALPAN DE SERRA,157,1244,739,0.5940514469,PAN,326,PRI,156,MORENA,126,326,156,2,5,5,126,4,12,4,10,12,2,75
JALPAN DE SERRA,158,1176,623,0.5297619048,PAN,206,PRI,158,MORENA,148,206,158,4,5,17,148,4,6,5,6,5,2,57
JALPAN DE SERRA,159,447,216,0.4832214765,PAN,74,MORENA,59,PRI,52,74,52,0,0,2,59,1,5,1,2,4,3,13
JALPAN DE SERRA,160,671,415,0.6184798808,PAN,151,PRI,122,MORENA,97,151,122,1,5,4,97,3,7,0,4,4,1,16
JALPAN DE SERRA,161,1689,949,0.5618709295,PAN,416,MORENA,264,PRI,117,416,117,1,6,9,264,1,34,6,4,8,15,68
JALPAN DE SERRA,162,518,288,0.555984556,PAN,128,PRI,63,MORENA,61,128,63,2,2,6,61,3,2,1,0,3,3,14
JALPAN DE SERRA,163,730,347,0.4753424658,PAN,167,PRI,63,MORENA,60,167,63,2,4,0,60,0,11,2,3,9,0,26
JALPAN DE SERRA,164,1004,517,0.514940239,PAN,142,PAN_QI,127,MORENA,100,142,58,2,6,6,100,1,10,1,1,7,127,56
JALPAN DE SERRA,165,651,392,0.6021505376,PAN,176,MORENA,101,NULOS,40,176,34,3,7,4,101,4,15,1,0,6,1,40
JALPAN DE SERRA,166,670,374,0.5582089552,PAN,153,MORENA,127,NULOS,27,153,25,3,5,3,127,7,4,2,3,8,7,27
JALPAN DE SERRA,167,1586,868,0.5472887768,PAN,362,PRI,187,MORENA,160,362,187,7,11,11,160,3,30,4,9,13,5,66
LANDA DE MATAMOROS,168,2479,1575,0.6353368294,PAN,781,PRI,363,MORENA,326,781,363,6,5,8,326,2,8,7,2,8,6,52
LANDA DE MATAMOROS,169,1023,519,0.5073313783,PAN,224,PRI,136,MORENA,110,224,136,2,1,4,110,1,2,4,6,0,6,23
LANDA DE MATAMOROS,170,1056,636,0.6022727273,PAN,280,PRI,160,MORENA,117,280,160,4,5,1,117,2,21,5,1,1,5,32
LANDA DE MATAMOROS,171,1572,979,0.6227735369,PAN,474,MORENA,232,PRI,175,474,175,2,2,9,232,4,10,8,5,5,2,51
LANDA DE MATAMOROS,172,1057,585,0.5534531693,PAN,321,PRI,109,MORENA,101,321,109,2,5,2,101,0,5,5,2,2,2,29
LANDA DE MATAMOROS,173,807,561,0.6951672862,PAN,248,PRI,178,MORENA,81,248,178,0,0,1,81,0,20,5,2,0,9,17
LANDA DE MATAMOROS,174,1735,1036,0.5971181556,PAN,432,PRI,275,MORENA,211,432,275,2,10,13,211,3,18,3,9,9,5,46
LANDA DE MATAMOROS,175,1133,690,0.6090026478,PAN,385,PRI,185,MORENA,79,385,185,4,2,6,79,2,5,3,2,0,0,17
LANDA DE MATAMOROS,176,1763,1259,0.7141236529,PAN,632,PRI,438,MORENA,112,632,438,4,5,7,112,4,2,0,2,3,0,50
LANDA DE MATAMOROS,177,696,465,0.6681034483,PRI,224,PAN,142,MORENA,40,142,224,7,1,3,40,4,0,2,0,5,2,35
LANDA DE MATAMOROS,178,485,280,0.5773195876,PAN,124,PRI,71,MORENA,54,124,71,2,3,0,54,1,2,0,2,1,0,20
LANDA DE MATAMOROS,179,500,333,0.666,PAN,160,PRI,124,MORENA,27,160,124,0,0,2,27,0,5,0,1,1,0,13
LANDA DE MATAMOROS,180,1612,1060,0.6575682382,PAN,484,MORENA,254,PRI,229,484,229,4,8,13,254,3,5,8,12,8,0,31
LANDA DE MATAMOROS,181,520,317,0.6096153846,PAN,203,PRI,54,MORENA,42,203,54,2,3,1,42,2,3,0,0,0,0,7
EL MARQUES,182,3048,1962,0.6437007874,PAN,871,MORENA,552,PRI,292,871,292,9,13,38,552,48,9,15,52,37,1,24
EL MARQUES,183,2679,1750,0.6532288167,PAN,813,MORENA,523,PRI,172,813,172,8,19,34,523,43,5,19,59,23,4,26
EL MARQUES,184,3184,2018,0.6337939698,PAN,1138,MORENA,494,PRI,199,1138,199,3,22,29,494,24,8,8,33,27,6,27
EL MARQUES,185,2150,1415,0.6581395349,PAN,699,MORENA,351,PRI,172,699,172,0,7,24,351,54,9,10,28,31,2,28
EL MARQUES,186,883,512,0.5798414496,PAN,358,PRI,80,MORENA,45,358,80,3,0,3,45,1,1,5,4,5,0,7
EL MARQUES,187,1071,738,0.6890756303,PAN,442,PRI,164,MORENA,87,442,164,2,2,7,87,6,5,2,1,3,2,14
EL MARQUES,188,3423,2031,0.5933391762,PAN,1281,PRI,313,MORENA,284,1281,313,11,11,22,284,8,9,9,7,14,2,60
EL MARQUES,189,2925,1872,0.64,PAN,842,PRI,565,MORENA,321,842,565,12,12,17,321,11,4,14,9,7,3,55
EL MARQUES,190,3205,2223,0.6936037441,PAN,1018,PRI,558,MORENA,359,1018,558,11,10,30,359,6,3,13,10,18,130,57
EL MARQUES,191,3557,2146,0.6033174023,PAN,1182,MORENA,505,PRI,284,1182,284,7,16,27,505,10,12,18,15,6,4,60
EL MARQUES,192,3153,1860,0.5899143673,PAN,1132,PRI,305,MORENA,302,1132,305,10,9,32,302,9,7,10,2,5,1,36
EL MARQUES,193,1763,1025,0.5813953488,PAN,457,PRI,240,MORENA,222,457,240,13,15,7,222,7,9,15,10,3,2,23
EL MARQUES,194,1627,990,0.6084818685,PAN,451,PRI,267,MORENA,186,451,267,1,8,12,186,3,2,7,9,6,0,38
EL MARQUES,195,18886,9919,0.5252038547,PAN,6193,MORENA,1945,PRI,1107,6193,1107,44,108,145,1945,39,52,24,49,36,24,152
EL MARQUES,196,3792,2690,0.7093881857,PAN,950,PRI,903,MORENA,427,950,903,14,18,27,427,7,17,30,17,7,181,92
EL MARQUES,197,1978,1252,0.6329625885,PAN,581,PRI,304,MORENA,265,581,304,20,13,10,265,4,7,13,4,7,1,23
EL MARQUES,198,3073,1982,0.6449723397,PAN,961,MORENA,507,PRI,348,961,348,27,9,28,507,4,8,15,12,12,5,46
EL MARQUES,199,2766,1672,0.604483008,PAN,850,MORENA,332,PRI,330,850,330,8,15,20,332,13,5,5,11,43,8,32
EL MARQUES,200,3823,2037,0.5328276223,PAN,947,MORENA,453,PRI,434,947,434,14,12,44,453,19,17,11,12,20,2,51
EL MARQUES,202,12700,3905,0.307480315,PAN,1496,MORENA,1382,PRI,586,1496,586,28,54,94,1382,26,22,22,64,52,1,76
EL MARQUES,203,9018,4138,0.4588600577,PAN,2040,MORENA,1123,PRI,565,2040,565,24,71,83,1123,29,22,20,29,49,13,70
EL MARQUES,204,9077,3579,0.3942932687,PAN,1581,MORENA,959,PRI,555,1581,555,11,43,65,959,17,18,24,13,33,209,46
EL MARQUES,205,13292,5411,0.4070869696,PAN,3024,MORENA,1383,PRI,517,3024,517,25,83,130,1383,40,23,28,18,53,3,84
EL MARQUES,206,1968,1474,0.7489837398,PAN,700,MORENA,414,PRI,243,700,243,6,16,28,414,5,10,10,9,8,5,20
EL MARQUES,207,2824,1707,0.6044617564,PAN,670,MORENA,453,PRI,300,670,300,5,21,17,453,9,4,17,11,8,161,31
EL MARQUES,208,2880,1725,0.5989583333,PAN,693,PRI,494,MORENA,411,693,494,5,17,23,411,4,7,15,3,18,1,34
EL MARQUES,209,1990,1235,0.6206030151,PAN,524,PRI,348,MORENA,284,524,348,2,20,12,284,1,6,3,3,13,2,17
PEDRO ESCOBEDO,210,2023,1114,0.5506673258,PAN,563,MORENA,269,PRI,156,563,156,6,38,12,269,2,6,1,13,19,3,25
PEDRO ESCOBEDO,211,1419,832,0.5863284003,PAN,438,MORENA,208,PRI,95,438,95,3,25,18,208,2,10,5,7,14,0,7
PEDRO ESCOBEDO,212,3570,2077,0.5817927171,PAN,1012,MORENA,555,PRI,220,1012,220,16,52,56,555,9,49,8,35,35,0,30
PEDRO ESCOBEDO,213,1827,1073,0.5873015873,PAN,547,MORENA,276,PRI,152,547,152,6,26,8,276,1,7,4,11,14,3,18
PEDRO ESCOBEDO,214,3089,1521,0.49239236,PAN,660,MORENA,484,PRI,172,660,172,9,45,32,484,6,14,8,25,43,0,22
PEDRO ESCOBEDO,215,1981,1116,0.5633518425,PAN,635,MORENA,220,PRI,111,635,111,8,24,15,220,4,11,9,13,40,2,23
PEDRO ESCOBEDO,216,2626,1306,0.4973343488,PAN,573,MORENA,401,PRI,108,573,108,10,23,32,401,3,8,9,11,86,2,38
PEDRO ESCOBEDO,217,2208,1104,0.5,PAN,445,MORENA,337,PRI,134,445,134,13,17,33,337,8,7,15,28,45,3,19
PEDRO ESCOBEDO,218,1538,826,0.5370611183,PAN,423,MORENA,212,PRI,90,423,90,6,21,14,212,5,5,5,8,16,3,17
PEDRO ESCOBEDO,219,1780,1145,0.643258427,PAN,534,MORENA,297,PRI,160,534,160,4,32,19,297,5,6,5,13,52,3,15
PEDRO ESCOBEDO,220,1919,956,0.4981761334,MORENA,393,PAN,352,PRI,61,352,61,13,25,35,393,11,2,6,20,11,0,27
PEDRO ESCOBEDO,221,2279,1033,0.4532689776,PAN,441,MORENA,369,PRI,73,441,73,11,17,34,369,2,4,5,20,22,6,29
PEDRO ESCOBEDO,222,3057,1589,0.5197906444,PAN,742,MORENA,412,PRI,236,742,236,8,23,66,412,5,8,16,15,33,1,24
PEDRO ESCOBEDO,223,2168,1240,0.5719557196,PAN,640,MORENA,302,PRI,101,640,101,11,32,28,302,7,16,18,31,28,1,25
PEDRO ESCOBEDO,224,2263,1551,0.6853733981,PAN,945,MORENA,426,PRI,61,945,61,6,10,23,426,10,10,0,17,17,4,22
PEDRO ESCOBEDO,225,1707,1086,0.6362038664,PAN,688,MORENA,250,PRI,57,688,57,10,15,10,250,4,4,3,4,27,0,14
PEDRO ESCOBEDO,226,2567,1190,0.4635761589,PAN,545,MORENA,257,PRI,198,545,198,19,24,38,257,4,4,16,20,28,0,37
PEDRO ESCOBEDO,227,2558,1161,0.4538702111,PAN,415,MORENA,320,PRI,213,415,213,16,30,22,320,5,4,22,25,54,0,35
PEDRO ESCOBEDO,228,2935,1085,0.3696763203,PAN,403,MORENA,287,PRI,191,403,191,21,33,29,287,5,10,8,18,51,3,26
PEDRO ESCOBEDO,229,1340,585,0.4365671642,PAN,254,MORENA,109,PRI,60,254,60,27,18,15,109,3,2,14,9,44,5,24
PEDRO ESCOBEDO,230,4206,2263,0.538040894,PAN,1204,MORENA,393,PRI,314,1204,314,13,52,48,393,7,28,20,48,41,20,75
PEDRO ESCOBEDO,231,2847,1412,0.4959606603,PAN,540,MORENA,342,PRI,201,540,201,9,42,56,342,6,5,22,21,101,8,58
PEDRO ESCOBEDO,232,654,300,0.4587155963,PAN,114,MORENA,65,PRI,53,114,53,2,12,9,65,5,2,5,2,23,0,8
PEDRO ESCOBEDO,233,2842,1577,0.5548909219,PAN,964,MORENA,387,PRI,94,964,94,8,19,23,387,12,6,6,8,28,4,18
PENAMILLER,234,1760,1390,0.7897727273,PAN,962,MORENA,171,PVEM,148,962,32,4,19,148,171,3,6,1,3,0,5,36
PENAMILLER,235,404,328,0.8118811881,PAN,167,PVEM,83,MORENA,39,167,17,0,0,83,39,1,3,0,0,1,2,15
PENAMILLER,236,305,197,0.6459016393,PAN,119,PVEM,42,MORENA,18,119,6,0,0,42,18,1,0,0,0,0,2,7
PENAMILLER,237,2258,1563,0.6922054916,PAN,903,PVEM,378,MORENA,120,903,65,0,4,378,120,0,7,12,1,1,3,69
PENAMILLER,238,524,331,0.6316793893,PAN,179,MORENA,74,PVEM,56,179,5,2,2,56,74,0,0,0,1,0,0,12
PENAMILLER,239,460,291,0.6326086957,PAN,152,PVEM,94,NULOS,15,152,7,0,2,94,13,0,4,3,0,0,1,15
PENAMILLER,240,1229,943,0.7672904801,PAN,553,PVEM,157,MORENA,136,553,34,0,1,157,136,0,13,6,8,0,5,30
PENAMILLER,241,1167,793,0.6795201371,PAN,448,PVEM,226,MORENA,50,448,19,2,2,226,50,2,4,2,1,0,13,24
PENAMILLER,242,969,600,0.6191950464,PAN,315,MORENA,135,PVEM,85,315,12,1,4,85,135,0,12,8,1,0,2,25
PENAMILLER,243,671,518,0.7719821162,PAN,325,MORENA,89,PVEM,75,325,7,0,4,75,89,1,6,1,2,0,0,8
PENAMILLER,244,714,553,0.7745098039,PAN,304,PVEM,104,MORENA,92,304,13,1,0,104,92,7,2,1,12,0,2,15
PENAMILLER,245,2689,2055,0.7642246188,PAN,940,PVEM,452,MORENA,371,940,167,5,18,452,371,0,22,6,5,3,9,56
PENAMILLER,246,107,88,0.8224299065,PAN,42,PVEM,20,MORENA,17,42,3,0,2,20,17,0,0,0,0,0,0,4
PENAMILLER,247,1750,1395,0.7971428571,PAN,841,PVEM,291,MORENA,171,841,40,1,3,291,171,3,1,2,8,0,8,26
PINAL DE AMOLES,248,1964,1511,0.7693482688,PAN,968,PRI,278,MORENA,127,968,278,3,15,11,127,14,36,3,2,11,3,40
PINAL DE AMOLES,249,942,704,0.7473460722,PAN,419,PRI,140,MORENA,87,419,140,5,1,2,87,0,13,2,0,3,7,25
PINAL DE AMOLES,250,1547,903,0.5837104072,PAN,494,PRD,135,PRI,131,494,131,135,3,6,37,1,6,4,1,27,4,54
PINAL DE AMOLES,251,1571,1075,0.6842775302,PAN,638,PRI,317,NULOS,44,638,317,4,2,2,31,2,7,1,3,12,12,44
PINAL DE AMOLES,252,735,444,0.6040816327,PAN,269,PRI,97,MORENA,21,269,97,18,0,0,21,1,2,0,0,19,0,17
PINAL DE AMOLES,253,2471,1529,0.6187778227,PAN,887,PRI,213,MORENA,181,887,213,74,8,17,181,3,38,2,4,19,16,67
PINAL DE AMOLES,254,1318,774,0.5872534143,PAN,469,PRI,118,PRD,63,469,118,63,7,4,35,2,5,1,0,28,8,34
PINAL DE AMOLES,255,351,192,0.547008547,PAN,105,PRI,42,MORENA,23,105,42,2,0,5,23,0,4,0,1,2,0,8
PINAL DE AMOLES,256,892,590,0.6614349776,PAN,292,PRI,169,MORENA,45,292,169,2,1,2,45,3,4,2,0,28,2,40
PINAL DE AMOLES,257,434,314,0.7235023041,PAN,198,PRI,62,MORENA,24,198,62,2,2,1,24,4,8,0,2,0,2,9
PINAL DE AMOLES,258,1172,737,0.6288395904,PAN,493,PRI,145,MORENA,38,493,145,4,0,1,38,0,14,1,0,1,8,32
PINAL DE AMOLES,259,1013,574,0.5666337611,PAN,352,PRI,130,MORENA,31,352,130,5,2,3,31,7,8,2,5,1,4,24
PINAL DE AMOLES,260,1332,722,0.542042042,PAN,425,PRI,102,MORENA,83,425,102,26,5,6,83,1,19,5,1,5,4,40
PINAL DE AMOLES,261,1499,806,0.5376917945,PAN,403,PRI,162,MORENA,69,403,162,55,4,9,69,7,22,7,2,3,8,55
PINAL DE AMOLES,262,1452,938,0.6460055096,PAN,514,PRI,256,NULOS,54,514,256,2,14,5,45,9,22,5,3,2,7,54
PINAL DE AMOLES,263,476,301,0.6323529412,PAN,213,PRI,54,NULOS,8,213,54,3,1,1,6,5,5,2,0,2,1,8
PINAL DE AMOLES,264,640,430,0.671875,PAN,247,PRI,73,MORENA,42,247,73,2,1,4,42,5,20,6,3,1,4,22
PINAL DE AMOLES,265,292,208,0.7123287671,PAN,109,PAN_QI,53,PRI,29,109,29,0,0,6,4,1,4,0,0,0,53,2
QUERETARO,266,3960,1349,0.3406565657,PAN,696,MORENA,387,PRI,147,696,147,7,19,15,387,2,6,12,13,4,6,34
QUERETARO,267,2969,1489,0.5015156618,PAN,1077,MORENA,244,PRI,85,1077,85,4,20,13,244,7,6,2,7,4,5,14
QUERETARO,268,2505,1796,0.7169660679,PAN,1536,MORENA,144,PRI,50,1536,50,12,13,5,144,3,12,1,2,3,4,11
QUERETARO,269,2234,1728,0.7735004476,PAN,1505,MORENA,115,PRI,38,1505,38,13,14,8,115,3,7,2,4,10,2,7
QUERETARO,270,11418,3358,0.2940970398,MORENA,1445,PAN,1236,PRI,274,1236,274,25,58,81,1445,23,21,15,29,32,27,90
QUERETARO,272,3433,1257,0.3661520536,MORENA,561,PAN,465,PRI,93,465,93,4,18,32,561,4,5,3,10,26,3,32
QUERETARO,274,1910,912,0.477486911,MORENA,388,PAN,329,PRI,77,329,77,16,9,20,388,3,8,4,10,11,4,27
QUERETARO,275,2020,897,0.4440594059,PAN,341,MORENA,317,PRI,144,341,144,5,14,11,317,3,7,8,8,6,0,32
QUERETARO,277,6470,2985,0.4613601236,PAN,1480,MORENA,846,PRI,333,1480,333,19,75,56,846,13,23,13,26,19,14,65
QUERETARO,278,17331,7271,0.4195372454,PAN,3857,MORENA,2039,PRI,712,3857,712,40,150,96,2039,47,50,29,49,57,25,117
QUERETARO,279,968,591,0.6105371901,PAN,280,MORENA,174,PRI,50,280,50,4,19,22,174,4,5,1,14,3,5,10
QUERETARO,280,1398,764,0.5464949928,PAN,386,MORENA,226,PRI,64,386,64,8,10,7,226,6,4,4,2,23,7,17
QUERETARO,281,2214,1161,0.5243902439,PAN,606,MORENA,291,PRI,103,606,103,13,20,22,291,8,6,1,19,28,6,36
QUERETARO,282,7000,3394,0.4848571429,PAN,1584,MORENA,1113,PRI,291,1584,291,20,100,91,1113,16,19,15,28,31,20,63
QUERETARO,283,1127,656,0.5820763088,PAN,333,MORENA,201,PRI,52,333,52,3,14,14,201,3,2,2,4,12,4,12
QUERETARO,284,1029,639,0.6209912536,PAN,347,MORENA,157,PRI,52,347,52,7,14,17,157,4,7,2,8,5,6,13
QUERETARO,285,1701,698,0.4103468548,PAN,237,MORENA,231,PRI,162,237,162,1,10,15,231,2,4,6,7,4,0,19
QUERETARO,286,3453,1102,0.3191427744,MORENA,399,PAN,354,PRI,247,354,247,6,17,11,399,8,4,7,11,5,4,29
QUERETARO,287,1510,753,0.4986754967,MORENA,307,PAN,277,PRI,88,277,88,5,15,20,307,6,3,4,7,5,1,15
QUERETARO,288,3031,1471,0.4853183768,PAN,643,MORENA,529,PRI,165,643,165,9,23,22,529,11,10,5,10,11,2,30
QUERETARO,289,948,493,0.5200421941,PAN,222,MORENA,172,PRI,48,222,48,2,2,5,172,0,4,1,7,9,6,15
QUERETARO,290,1008,539,0.5347222222,PAN,226,MORENA,202,PRI,49,226,49,3,14,8,202,2,0,0,4,6,11,13
QUERETARO,291,1885,1061,0.5628647215,PAN,473,MORENA,373,PRI,99,473,99,3,26,20,373,4,2,4,14,16,6,15
QUERETARO,292,1202,650,0.540765391,PAN,293,MORENA,236,PRI,51,293,51,5,10,7,236,5,4,2,5,8,5,19
QUERETARO,294,975,516,0.5292307692,PAN,230,MORENA,168,PRI,49,230,49,3,16,8,168,6,6,5,5,4,3,13
QUERETARO,295,3518,1242,0.3530415009,MORENA,448,PAN,429,PRI,201,429,201,13,20,39,448,8,6,9,19,6,9,35
QUERETARO,296,1485,646,0.435016835,MORENA,268,PAN,231,PRI,68,231,68,5,19,13,268,3,2,3,11,4,3,14
QUERETARO,297,1418,781,0.5507757405,PAN,351,MORENA,257,PRI,62,351,62,14,25,18,257,7,6,1,4,16,4,16
QUERETARO,298,1119,657,0.5871313673,PAN,317,MORENA,221,PRI,34,317,34,3,7,17,221,1,7,5,4,3,8,30
QUERETARO,299,1124,638,0.5676156584,PAN,307,MORENA,205,PRI,44,307,44,7,17,6,205,4,7,2,2,13,2,22
QUERETARO,300,3961,1731,0.4370108558,PAN,710,MORENA,611,PRI,240,710,240,11,25,23,611,7,14,5,11,24,18,30
QUERETARO,301,1268,706,0.5567823344,PAN,337,MORENA,218,PRI,62,337,62,3,17,16,218,7,6,1,3,4,14,18
QUERETARO,302,1515,907,0.598679868,PAN,455,MORENA,267,PRI,77,455,77,12,16,15,267,6,5,4,10,15,7,17
QUERETARO,303,5449,2607,0.4784364104,PAN,1300,MORENA,793,PRI,250,1300,250,14,53,48,793,14,13,17,23,18,11,48
QUERETARO,304,2723,1068,0.3922144693,MORENA,399,PAN,369,PRI,169,369,169,8,18,30,399,13,5,6,7,6,7,30
QUERETARO,305,4509,2118,0.4697272122,PAN,981,MORENA,644,PRI,256,981,256,17,53,41,644,14,10,12,11,17,6,53
QUERETARO,306,1021,613,0.6003917728,PAN,297,MORENA,191,PRI,55,297,55,2,12,8,191,4,5,4,6,10,2,14
QUERETARO,307,1024,528,0.515625,PAN,279,MORENA,171,PRI,30,279,30,4,6,6,171,2,7,1,2,10,2,8
QUERETARO,308,5003,2333,0.4663202079,PAN,1146,MORENA,751,PRI,194,1146,194,12,53,47,751,10,14,12,17,15,12,46
QUERETARO,309,1127,596,0.528837622,PAN,268,MORENA,192,PRI,63,268,63,4,13,16,192,7,6,6,6,2,1,12
QUERETARO,310,1216,638,0.5246710526,PAN,304,MORENA,214,PRI,47,304,47,9,16,7,214,3,4,4,1,4,7,17
QUERETARO,311,945,403,0.4264550265,PAN,195,MORENA,118,PRI,39,195,39,1,8,11,118,3,3,1,5,4,4,11
QUERETARO,312,1204,586,0.4867109635,PAN,251,MORENA,213,PRI,45,251,45,7,10,15,213,6,2,3,3,10,3,18
QUERETARO,313,2667,1793,0.6722909636,PAN,1416,MORENA,199,PRI,75,1416,75,7,20,18,199,1,4,6,10,7,6,20
QUERETARO,314,1131,556,0.4916003537,PAN,304,MORENA,142,PRI,46,304,46,2,11,16,142,2,5,6,4,5,2,11
QUERETARO,315,1137,612,0.5382585752,PAN,292,MORENA,203,PRI,40,292,40,4,11,20,203,2,1,5,4,4,7,18
QUERETARO,316,2524,1178,0.4667194929,PAN,512,MORENA,415,PRI,95,512,95,10,22,34,415,11,10,9,9,14,6,30
QUERETARO,317,1006,533,0.5298210736,PAN,258,MORENA,181,PRI,40,258,40,2,19,6,181,1,7,6,4,3,0,6
QUERETARO,318,4913,2288,0.4657032363,PAN,1172,MORENA,650,PRI,231,1172,231,10,50,53,650,16,9,7,23,17,11,39
QUERETARO,319,4551,2199,0.4831905076,PAN,1097,MORENA,692,PRI,205,1097,205,17,40,34,692,9,8,11,18,17,4,41
QUERETARO,320,2486,1262,0.5076427997,PAN,691,MORENA,333,PRI,120,691,120,9,29,17,333,4,4,4,11,3,4,32
QUERETARO,321,1636,836,0.511002445,PAN,450,MORENA,241,PRI,73,450,73,3,19,15,241,3,6,5,7,1,2,11
QUERETARO,322,1024,543,0.5302734375,PAN,244,MORENA,196,PRI,37,244,37,7,14,11,196,2,6,5,8,2,0,11
QUERETARO,323,9758,4047,0.4147366264,PAN,2005,MORENA,1236,PRI,370,2005,370,22,87,89,1236,25,30,47,35,18,12,71
QUERETARO,324,910,496,0.5450549451,PAN,275,MORENA,145,PRI,34,275,34,2,8,8,145,1,1,4,1,7,0,10
QUERETARO,325,927,549,0.5922330097,PAN,284,MORENA,169,PRI,43,284,43,7,13,1,169,1,1,3,3,5,1,18
QUERETARO,326,2302,920,0.3996524761,PAN,368,MORENA,282,PRI,152,368,152,7,19,22,282,7,8,10,9,8,5,23
QUERETARO,327,3467,1734,0.5001442169,PAN,963,MORENA,482,PRI,132,963,132,15,36,21,482,9,11,13,11,9,5,20
QUERETARO,328,3144,1544,0.4910941476,PAN,796,MORENA,429,PRI,157,796,157,7,36,34,429,12,9,9,11,10,3,30
QUERETARO,329,2326,1147,0.4931212382,PAN,507,MORENA,398,PRI,84,507,84,7,32,38,398,6,7,2,17,12,9,27
QUERETARO,330,1346,653,0.485141159,PAN,287,MORENA,221,PRI,73,287,73,2,21,12,221,0,9,3,5,9,0,10
QUERETARO,331,2650,1098,0.4143396226,MORENA,463,PAN,399,PRI,98,399,98,9,25,26,463,8,7,27,7,7,2,20
QUERETARO,332,1659,693,0.417721519,PAN,254,MORENA,252,PRI,104,254,104,9,12,15,252,4,8,5,7,6,2,14
QUERETARO,333,1515,1104,0.7287128713,PAN,907,MORENA,104,PRI,44,907,44,0,16,2,104,2,11,2,5,1,2,8
QUERETARO,334,1663,1111,0.6680697535,PAN,878,MORENA,124,PRI,50,878,50,5,12,11,124,3,4,0,7,2,7,8
QUERETARO,335,1264,523,0.4137658228,PAN,240,MORENA,156,PRI,74,240,74,3,10,15,156,1,1,2,8,3,4,6
QUERETARO,336,2036,802,0.3939096267,PAN,306,MORENA,259,PRI,103,306,103,6,13,14,259,8,4,6,21,5,28,29
QUERETARO,337,1488,860,0.5779569892,PAN,565,MORENA,166,PRI,62,565,62,5,10,12,166,2,5,3,6,2,5,16
QUERETARO,338,2955,1818,0.6152284264,PAN,1293,MORENA,293,PRI,115,1293,115,4,24,15,293,5,10,3,13,5,11,23
QUERETARO,339,1005,536,0.5333333333,PAN,283,MORENA,161,PRI,40,283,40,3,10,7,161,0,6,5,4,0,3,13
QUERETARO,340,2600,1122,0.4315384615,MORENA,464,PAN,409,PRI,103,409,103,6,30,34,464,8,2,7,10,9,7,31
QUERETARO,341,1297,662,0.5104086353,PAN,292,MORENA,232,PRI,79,292,79,4,8,9,232,3,2,6,10,4,2,11
QUERETARO,342,867,478,0.5513264129,PAN,248,MORENA,147,PRI,33,248,33,3,6,9,147,4,3,1,4,3,7,10
QUERETARO,343,3403,1892,0.5559800176,PAN,1041,MORENA,489,PRI,200,1041,200,14,39,22,489,7,15,5,9,10,12,29
QUERETARO,344,4554,2193,0.4815546772,PAN,994,MORENA,715,PRI,231,994,231,18,42,48,715,14,18,9,25,7,15,55
QUERETARO,345,2423,1057,0.436236071,MORENA,399,PAN,391,PRI,123,391,123,11,22,22,399,7,8,12,15,6,8,30
QUERETARO,346,1938,913,0.4711042312,PAN,351,PAN,351,PRI,121,351,121,7,15,13,351,2,4,6,12,5,10,6
QUERETARO,347,1417,768,0.54199012,PAN,441,MORENA,182,PRI,66,441,66,6,13,16,182,1,4,1,4,4,13,17
QUERETARO,348,1218,723,0.5935960591,PAN,355,MORENA,214,PRI,78,355,78,4,10,10,214,11,4,5,9,2,0,20
QUERETARO,349,1809,1064,0.5881702598,PAN,705,MORENA,209,PRI,65,705,65,6,18,7,209,6,8,11,7,3,2,15
QUERETARO,350,1134,554,0.4885361552,PAN,259,MORENA,185,PRI,59,259,59,3,9,12,185,3,1,2,4,0,0,17
QUERETARO,351,1036,807,0.778957529,PAN,679,MORENA,66,PRI,33,679,33,1,2,6,66,0,7,1,4,2,0,6
QUERETARO,352,1366,784,0.5739385066,PAN,581,MORENA,86,PRI,76,581,76,1,10,3,86,7,1,1,2,3,1,10
QUERETARO,353,6544,4600,0.7029339853,PAN,3717,MORENA,516,PRI,141,3717,141,23,38,32,516,7,34,5,23,13,11,34
QUERETARO,354,1094,553,0.5054844607,PAN,269,MORENA,171,PRI,60,269,60,3,6,8,171,3,4,2,6,4,1,14
QUERETARO,355,1393,706,0.5068198134,PAN,274,MORENA,269,PRI,91,274,91,5,14,19,269,5,8,2,4,1,0,13
QUERETARO,356,1948,1014,0.5205338809,PAN,514,MORENA,294,PRI,77,514,77,5,30,21,294,5,6,7,12,9,9,24
QUERETARO,357,2246,1133,0.5044523598,PAN,644,MORENA,293,PRI,78,644,78,11,25,20,293,4,8,12,7,3,7,19
QUERETARO,358,798,513,0.6428571429,PAN,324,MORENA,111,PRI,27,324,27,3,10,8,111,1,3,4,7,2,4,9
QUERETARO,359,3287,1880,0.5719501065,PAN,1105,MORENA,489,PRI,125,1105,125,9,28,34,489,8,11,8,21,10,9,23
QUERETARO,360,1875,922,0.4917333333,PAN,388,MORENA,325,PRI,114,388,114,4,14,28,325,10,6,2,4,5,4,17
QUERETARO,361,991,508,0.5126135217,PAN,220,MORENA,162,PRI,51,220,51,7,14,7,162,4,5,3,11,6,2,14
QUERETARO,362,1035,518,0.5004830918,PAN,211,MORENA,173,PRI,55,211,55,11,6,14,173,3,11,7,4,4,8,11
QUERETARO,363,1227,537,0.4376528117,PAN,224,MORENA,188,PRI,75,224,75,2,13,9,188,4,2,3,3,0,4,10
QUERETARO,364,1663,1155,0.6945279615,PAN,861,MORENA,160,PRI,72,861,72,4,10,7,160,6,5,3,7,4,6,10
QUERETARO,365,918,406,0.4422657952,PAN,187,MORENA,142,PRI,35,187,35,7,4,6,142,2,5,5,0,3,1,8
QUERETARO,366,606,318,0.5247524752,PAN,135,MORENA,98,PRI,46,135,46,3,5,6,98,5,0,2,5,0,5,8
QUERETARO,367,644,339,0.5263975155,PAN,177,MORENA,92,PRI,41,177,41,3,4,3,92,1,0,4,3,1,4,6
QUERETARO,368,1202,655,0.5449251248,PAN,301,MORENA,226,PRI,53,301,53,9,12,14,226,4,3,4,5,6,9,8
QUERETARO,369,958,683,0.7129436326,PAN,443,MORENA,137,PRI,49,443,49,3,7,11,137,1,4,1,5,2,3,17
QUERETARO,370,836,489,0.5849282297,PAN,291,MORENA,116,PRI,44,291,44,3,4,9,116,0,6,1,2,0,0,13
QUERETARO,371,911,505,0.5543358946,PAN,221,MORENA,179,PRI,59,221,59,2,9,8,179,1,3,2,8,2,2,9
QUERETARO,372,1974,1123,0.5688956434,PAN,570,MORENA,323,PRI,125,570,125,6,14,24,323,11,5,4,9,4,6,21
QUERETARO,373,1959,948,0.4839203675,PAN,372,MORENA,318,PRI,147,372,147,6,17,21,318,9,4,8,9,3,3,31
QUERETARO,374,1071,758,0.7077497666,PAN,562,MORENA,113,PRI,28,562,28,0,9,15,113,0,7,2,4,1,8,8
QUERETARO,375,1378,888,0.6444121916,PAN,629,MORENA,154,PRI,54,629,54,9,6,8,154,1,3,2,4,7,3,8
QUERETARO,376,1280,616,0.48125,PAN,311,MORENA,187,PRI,56,311,56,5,12,14,187,6,1,4,1,3,2,13
QUERETARO,377,1188,619,0.521043771,PAN,298,MORENA,179,PRI,70,298,70,2,18,5,179,5,2,6,3,4,4,23
QUERETARO,378,654,348,0.5321100917,PAN,161,MORENA,99,PRI,41,161,41,1,10,5,99,2,6,2,4,2,4,11
QUERETARO,379,814,512,0.628992629,PAN,282,MORENA,127,PRI,57,282,57,1,7,6,127,3,6,2,1,3,5,12
QUERETARO,380,1299,741,0.5704387991,PAN,402,MORENA,203,PRI,70,402,70,5,11,12,203,4,3,4,8,1,8,10
QUERETARO,381,3437,1828,0.5318591795,PAN,939,MORENA,554,PRI,138,939,138,12,41,33,554,7,20,15,17,12,10,26
QUERETARO,382,1296,856,0.6604938272,PAN,524,MORENA,193,PRI,65,524,65,3,13,20,193,9,5,1,7,1,3,11
QUERETARO,383,844,588,0.6966824645,PAN,364,MORENA,126,PRI,36,364,36,3,18,6,126,6,2,3,8,2,0,13
QUERETARO,384,769,441,0.5734720416,PAN,268,MORENA,105,PRI,32,268,32,1,2,9,105,6,3,1,3,1,2,7
QUERETARO,385,711,401,0.5639943741,PAN,205,MORENA,126,PRI,28,205,28,2,6,11,126,2,5,0,4,2,0,8
QUERETARO,386,1442,764,0.5298196949,MORENA,295,PAN,291,PRI,83,291,83,5,14,17,295,7,4,9,10,9,3,17
QUERETARO,387,1238,736,0.5945072698,PAN,356,MORENA,260,PRI,63,356,63,4,12,8,260,2,1,7,8,4,0,10
QUERETARO,388,1226,716,0.5840130506,PAN,385,MORENA,214,PRI,56,385,56,4,10,20,214,5,4,5,4,1,0,8
QUERETARO,389,1180,754,0.6389830508,PAN,583,MORENA,96,PRI,37,583,37,2,3,7,96,4,6,1,0,1,2,10
QUERETARO,390,626,373,0.5958466454,PAN,233,MORENA,75,PRI,21,233,21,0,10,8,75,2,0,1,9,6,4,4
QUERETARO,391,558,337,0.6039426523,PAN,181,MORENA,72,PRI,42,181,42,3,3,4,72,3,5,8,7,2,1,5
QUERETARO,392,1014,640,0.6311637081,PAN,392,MORENA,118,PRI,63,392,63,5,6,9,118,5,11,1,5,5,1,18
QUERETARO,393,1649,1005,0.609460279,PAN,646,MORENA,228,PRI,59,646,59,8,15,11,228,5,4,7,4,3,7,8
QUERETARO,394,1313,669,0.5095201828,PAN,298,MORENA,199,PRI,109,298,109,12,10,9,199,2,4,2,5,4,1,14
QUERETARO,395,1864,822,0.4409871245,PAN,322,MORENA,303,PRI,84,322,84,5,20,21,303,7,7,7,9,7,5,24
QUERETARO,396,1194,487,0.4078726968,MORENA,204,PAN,174,PRI,48,174,48,3,9,11,204,3,3,5,4,9,1,13
QUERETARO,397,1775,778,0.4383098592,PAN,366,MORENA,249,PRI,80,366,80,8,10,14,249,8,6,3,8,5,4,15
QUERETARO,398,611,333,0.5450081833,PAN,152,MORENA,90,PRI,59,152,59,3,5,1,90,4,1,5,5,2,0,6
QUERETARO,399,1018,573,0.5628683694,PAN,362,MORENA,112,PRI,49,362,49,2,9,11,112,2,6,4,3,4,2,7
QUERETARO,400,653,374,0.5727411945,PAN,212,MORENA,102,PRI,26,212,26,2,8,7,102,4,2,3,0,0,3,4
QUERETARO,401,883,582,0.6591166478,PAN,400,MORENA,104,PRI,36,400,36,2,8,7,104,1,2,1,4,3,0,14
QUERETARO,402,962,709,0.737006237,PAN,529,MORENA,105,PRI,38,529,38,0,6,7,105,2,0,2,2,0,8,7
QUERETARO,403,1063,764,0.7187206021,PAN,596,MORENA,104,PRI,30,596,30,2,3,7,104,1,8,0,0,3,1,8
QUERETARO,404,8964,5688,0.6345381526,PAN,4666,MORENA,597,PRI,202,4666,202,18,59,41,597,8,28,6,10,9,3,40
QUERETARO,405,892,675,0.7567264574,PAN,547,MORENA,73,PRI,22,547,22,2,5,9,73,0,5,0,2,3,2,5
QUERETARO,406,618,364,0.5889967638,PAN,190,MORENA,116,PRI,25,190,25,1,4,11,116,1,7,1,1,0,0,7
QUERETARO,407,1189,742,0.6240538267,PAN,459,MORENA,166,PRI,50,459,50,1,7,13,166,2,5,3,10,5,3,17
QUERETARO,408,1222,614,0.5024549918,PAN,290,MORENA,195,PRI,58,290,58,2,11,19,195,5,5,1,4,10,2,10
QUERETARO,409,379,228,0.6015831135,PAN,137,MORENA,49,PRI,23,137,23,0,2,3,49,1,3,0,0,2,0,7
QUERETARO,410,1019,636,0.624141315,PAN,470,MORENA,91,PRI,25,470,25,3,15,7,91,2,1,1,0,8,5,7
QUERETARO,411,494,327,0.6619433198,PAN,220,MORENA,60,PRI,18,220,18,1,6,7,60,2,1,3,1,2,0,4
QUERETARO,412,606,359,0.5924092409,PAN,225,MORENA,60,PRI,38,225,38,1,9,3,60,5,2,1,3,4,0,8
QUERETARO,413,792,458,0.5782828283,PAN,286,MORENA,96,PRI,33,286,33,2,12,11,96,5,2,0,3,1,0,6
QUERETARO,414,751,443,0.5898801598,PAN,239,MORENA,118,PRI,47,239,47,1,9,9,118,4,1,0,4,3,3,5
QUERETARO,415,860,532,0.6186046512,PAN,344,MORENA,91,PRI,56,344,56,2,14,5,91,1,4,3,1,3,2,6
QUERETARO,416,2869,1051,0.3663297316,MORENA,393,PAN,387,PRI,163,387,163,12,24,26,393,7,4,7,5,2,1,19
QUERETARO,417,790,507,0.6417721519,PAN,327,MORENA,111,PRI,36,327,36,2,7,8,111,5,4,1,0,0,0,6
QUERETARO,418,937,525,0.560298826,PAN,320,MORENA,114,PRI,43,320,43,1,13,8,114,4,1,4,3,5,0,8
QUERETARO,419,614,332,0.5407166124,PAN,210,MORENA,70,PRI,20,210,20,2,2,7,70,3,5,2,3,1,2,5
QUERETARO,420,1086,802,0.7384898711,PAN,645,MORENA,66,PRI,40,645,40,2,8,14,66,4,3,0,4,4,3,6
QUERETARO,421,1046,571,0.5458891013,PAN,280,MORENA,171,PRI,44,280,44,6,14,20,171,3,2,3,7,7,3,10
QUERETARO,422,951,502,0.5278654048,PAN,264,MORENA,149,PRI,39,264,39,6,12,10,149,2,3,1,4,3,0,8
QUERETARO,423,698,387,0.5544412607,PAN,222,MORENA,94,PRI,32,222,32,4,10,3,94,2,3,5,1,3,1,7
QUERETARO,424,765,430,0.5620915033,PAN,258,MORENA,84,PRI,39,258,39,1,10,8,84,4,4,0,5,0,2,10
QUERETARO,425,1009,611,0.6055500496,PAN,417,MORENA,122,PRI,31,417,31,0,11,5,122,2,3,2,2,3,3,9
QUERETARO,426,1229,678,0.5516680228,PAN,425,MORENA,137,PRI,37,425,37,9,11,8,137,9,4,1,5,6,6,18
QUERETARO,427,3867,2430,0.628394104,PAN,1754,MORENA,376,PRI,123,1754,123,17,42,27,376,13,11,4,13,10,11,25
QUERETARO,428,1005,620,0.6169154229,PAN,376,MORENA,131,PRI,53,376,53,2,8,10,131,10,4,2,3,2,3,15
QUERETARO,429,908,510,0.5616740088,PAN,288,MORENA,129,PRI,41,288,41,2,12,11,129,5,5,2,2,1,0,12
QUERETARO,430,1140,703,0.6166666667,PAN,432,MORENA,161,PRI,39,432,39,2,13,9,161,8,8,2,7,2,2,17
QUERETARO,431,799,398,0.4981226533,PAN,207,MORENA,125,PRI,25,207,25,2,8,7,125,4,3,1,5,4,2,5
QUERETARO,432,735,406,0.5523809524,PAN,221,MORENA,100,PRI,45,221,45,3,8,7,100,1,3,1,5,2,2,7
QUERETARO,433,728,374,0.5137362637,PAN,177,MORENA,120,PRI,30,177,30,8,7,15,120,4,4,0,1,2,0,6
QUERETARO,434,1027,504,0.4907497566,PAN,300,MORENA,112,PRI,34,300,34,1,11,8,112,9,5,0,10,5,3,5
QUERETARO,435,6936,3836,0.5530565167,PAN,2497,MORENA,748,PRI,293,2497,293,34,65,48,748,12,28,16,25,18,7,42
QUERETARO,436,877,527,0.6009122007,PAN,314,MORENA,117,PRI,34,314,34,6,9,9,117,3,3,2,1,8,8,11
QUERETARO,437,1469,793,0.5398230088,PAN,471,MORENA,185,PRI,66,471,66,7,8,17,185,1,5,2,3,6,0,21
QUERETARO,438,796,435,0.5464824121,PAN,274,MORENA,89,PRI,33,274,33,3,6,8,89,0,4,2,0,7,1,8
QUERETARO,439,1145,700,0.6113537118,PAN,489,MORENA,113,PRI,36,489,36,6,10,11,113,5,6,0,3,6,1,14
QUERETARO,440,1315,862,0.655513308,PAN,624,MORENA,161,PRI,22,624,22,2,11,13,161,1,3,3,6,2,5,9
QUERETARO,441,1343,973,0.7244973939,PAN,685,MORENA,175,PRI,51,685,51,4,9,12,175,4,7,0,7,7,0,12
QUERETARO,442,1273,817,0.6417910448,PAN,545,MORENA,166,PRI,59,545,59,5,10,7,166,5,1,2,2,4,3,7
QUERETARO,443,1238,747,0.6033925687,PAN,432,MORENA,170,PRI,73,432,73,1,11,18,170,1,8,2,10,2,5,13
QUERETARO,444,1308,809,0.6185015291,PAN,420,MORENA,232,PRI,77,420,77,9,21,16,232,2,2,3,4,3,8,12
QUERETARO,445,1515,1017,0.6712871287,PAN,639,MORENA,200,PRI,65,639,65,1,24,17,200,9,9,3,6,13,6,21
QUERETARO,446,1438,919,0.6390820584,PAN,677,MORENA,137,PRI,42,677,42,6,13,11,137,3,6,3,5,1,2,12
QUERETARO,447,1075,591,0.5497674419,PAN,306,MORENA,174,PRI,50,306,50,3,9,7,174,2,5,4,4,4,3,20
QUERETARO,448,1356,796,0.587020649,PAN,543,MORENA,152,PRI,42,543,42,0,21,11,152,3,5,0,7,0,0,12
QUERETARO,449,976,621,0.6362704918,PAN,432,MORENA,108,PRI,26,432,26,2,9,9,108,4,3,3,11,5,1,7
QUERETARO,450,1183,815,0.6889264582,PAN,546,MORENA,157,PRI,53,546,53,1,11,17,157,0,5,2,5,6,2,10
QUERETARO,451,835,558,0.6682634731,PAN,421,MORENA,80,PRI,25,421,25,1,2,6,80,1,4,0,1,3,7,7
QUERETARO,452,1298,684,0.5269645609,PAN,380,MORENA,155,PRI,84,380,84,3,7,17,155,5,4,5,6,3,9,6
QUERETARO,453,889,595,0.6692913386,PAN,459,MORENA,83,PRI,20,459,20,6,8,3,83,3,2,1,1,3,0,5
QUERETARO,454,1080,707,0.6546296296,PAN,572,MORENA,75,PRI,29,572,29,3,6,4,75,0,3,0,1,3,1,8
QUERETARO,455,1384,1036,0.7485549133,PAN,439,MORENA,231,PAN_QI,219,439,78,5,13,17,231,2,5,1,7,2,219,17
QUERETARO,456,1200,813,0.6775,PAN,585,MORENA,129,PRI,34,585,34,0,13,20,129,4,5,1,3,4,4,11
QUERETARO,457,1205,895,0.7427385892,PAN,589,MORENA,146,NULOS,69,589,47,2,8,12,146,3,4,3,5,4,3,69
QUERETARO,458,1411,822,0.5825655563,PAN,458,MORENA,220,PRI,69,458,69,6,10,7,220,1,5,3,6,8,5,24
QUERETARO,459,908,631,0.6949339207,PAN,431,MORENA,108,PRI,35,431,35,5,10,4,108,2,6,1,5,4,3,15
QUERETARO,460,1123,800,0.7123775601,PAN,639,MORENA,83,PRI,20,639,20,4,16,6,83,4,2,1,1,5,11,8
QUERETARO,461,1156,588,0.508650519,PAN,319,MORENA,156,PRI,52,319,52,3,10,16,156,1,6,2,2,4,6,11
QUERETARO,462,1065,496,0.4657276995,PAN,257,MORENA,132,PRI,60,257,60,2,6,10,132,1,0,2,3,4,0,19
QUERETARO,463,1441,941,0.653018737,PAN,665,MORENA,181,PRI,42,665,42,1,12,15,181,6,0,3,7,2,0,7
QUERETARO,464,1141,691,0.6056091148,PAN,429,MORENA,142,PRI,56,429,56,4,10,16,142,1,6,0,6,5,5,11
QUERETARO,465,1213,667,0.5498763397,PAN,329,MORENA,213,PRI,57,329,57,1,7,18,213,4,4,2,8,6,0,18
QUERETARO,466,2067,2335,1.129656507,PAN,1305,MORENA,378,PAN_QI,328,1305,132,12,30,33,378,4,48,6,19,16,328,23
QUERETARO,467,1110,612,0.5513513514,PAN,375,MORENA,127,PRI,61,375,61,1,8,9,127,4,2,3,2,5,4,11
QUERETARO,468,1343,871,0.6485480268,PAN,680,MORENA,118,PRI,24,680,24,0,10,8,118,4,4,2,3,4,6,7
QUERETARO,469,919,620,0.6746463547,PAN,469,MORENA,89,PRI,25,469,25,4,7,3,89,2,3,1,4,2,4,7
QUERETARO,470,1132,746,0.6590106007,PAN,511,MORENA,133,PRI,49,511,49,5,10,7,133,2,3,3,6,5,0,12
QUERETARO,471,997,448,0.4493480441,PAN,208,MORENA,137,PRI,56,208,56,1,11,7,137,3,1,3,3,2,0,15
QUERETARO,472,1285,604,0.4700389105,PAN,325,MORENA,146,PRI,65,325,65,3,9,15,146,4,3,4,5,1,1,22
QUERETARO,473,1022,821,0.8033268102,PAN_QI,285,PAN,282,MORENA,154,282,43,4,7,16,154,2,3,2,6,4,285,13
QUERETARO,474,1123,739,0.6580587711,PAN,495,MORENA,136,PRI,35,495,35,0,12,23,136,3,4,4,3,2,8,12
QUERETARO,475,5998,3397,0.5663554518,PAN,2257,MORENA,674,PRI,194,2257,194,15,54,49,674,7,20,12,27,12,27,46
QUERETARO,476,1118,749,0.6699463327,PAN,459,MORENA,170,PRI,57,459,57,3,8,8,170,6,1,3,7,2,9,15
QUERETARO,477,1524,675,0.4429133858,PAN,311,MORENA,217,PRI,75,311,75,5,10,14,217,7,0,5,3,9,6,13
QUERETARO,478,1117,515,0.4610564011,PAN,239,MORENA,142,PRI,68,239,68,6,4,10,142,2,4,4,10,3,4,18
QUERETARO,479,1354,650,0.4800590842,PAN,305,MORENA,179,PRI,88,305,88,7,9,13,179,5,6,3,11,6,0,18
QUERETARO,480,1503,652,0.4337990685,PAN,319,MORENA,204,PRI,61,319,61,3,12,17,204,5,3,2,9,3,1,13
QUERETARO,481,2416,1518,0.6283112583,PAN,982,MORENA,358,PRI,75,982,75,4,24,23,358,6,7,3,9,8,2,17
QUERETARO,482,1098,732,0.6666666667,PAN,512,MORENA,133,PRI,22,512,22,4,13,7,133,2,6,4,6,5,6,12
QUERETARO,483,4364,2871,0.6578826764,PAN,2091,MORENA,451,PRI,129,2091,129,10,51,42,451,18,17,7,12,10,6,25
QUERETARO,484,1133,799,0.7052074139,PAN,616,MORENA,111,PRI,33,616,33,2,5,8,111,1,0,1,1,4,2,15
QUERETARO,485,737,580,0.7869742198,PAN,502,MORENA,43,PRI,20,502,20,2,4,1,43,1,0,0,3,0,2,1
QUERETARO,486,1564,763,0.4878516624,PAN,346,MORENA,224,PRI,99,346,99,12,14,21,224,4,3,6,4,6,5,19
QUERETARO,487,1471,678,0.4609109449,PAN,295,MORENA,206,PRI,95,295,95,6,12,15,206,7,3,3,5,6,6,19
QUERETARO,488,2044,889,0.4349315068,PAN,372,MORENA,307,PRI,84,372,84,11,22,25,307,7,10,10,7,6,3,25
QUERETARO,489,1259,531,0.4217633042,PAN,223,MORENA,189,PRI,57,223,57,5,12,15,189,0,4,7,4,0,1,14
QUERETARO,490,1221,616,0.5045045045,PAN,252,MORENA,212,PRI,72,252,72,3,17,13,212,2,3,16,2,6,4,14
QUERETARO,491,8399,6324,0.7529467794,PAN,4978,MORENA,742,PRI,232,4978,232,15,87,46,742,31,39,5,21,31,31,57
QUERETARO,492,2634,1256,0.476841306,PAN,591,MORENA,409,PRI,126,591,126,5,27,29,409,14,2,2,14,6,2,24
QUERETARO,493,1408,686,0.4872159091,PAN,302,MORENA,236,PRI,69,302,69,3,18,8,236,6,0,10,14,3,6,11
QUERETARO,494,1570,680,0.4331210191,PAN,277,MORENA,218,PRI,82,277,82,8,15,25,218,4,11,5,15,4,1,14
QUERETARO,495,4160,1804,0.4336538462,PAN,753,MORENA,626,PRI,178,753,178,31,44,46,626,11,9,13,23,7,15,47
QUERETARO,496,1649,692,0.4196482717,PAN,325,MORENA,214,PRI,77,325,77,6,13,17,214,2,8,4,11,2,1,12
QUERETARO,497,1502,654,0.4354194407,PAN,293,MORENA,206,PRI,85,293,85,6,8,14,206,8,4,3,5,1,4,17
QUERETARO,498,1489,669,0.4492948287,PAN,307,MORENA,195,PRI,81,307,81,7,12,14,195,4,6,1,9,2,1,30
QUERETARO,499,1291,599,0.4639814098,PAN,265,MORENA,198,PRI,61,265,61,3,11,14,198,5,11,2,5,6,3,15
QUERETARO,500,1820,798,0.4384615385,PAN,360,MORENA,243,PRI,122,360,122,2,14,19,243,3,2,6,7,6,0,13
QUERETARO,501,1640,717,0.437195122,PAN,321,MORENA,249,PRI,71,321,71,7,8,7,249,7,9,3,10,3,0,22
QUERETARO,502,1477,764,0.5172647258,PAN,596,MORENA,61,PRI,27,596,27,0,13,13,61,2,7,4,17,4,6,13
QUERETARO,503,1676,720,0.4295942721,PAN,313,MORENA,227,PRI,80,313,80,5,12,23,227,2,5,5,10,2,3,33
QUERETARO,504,1659,737,0.4442435202,PAN,374,MORENA,202,PRI,77,374,77,7,13,15,202,4,4,5,8,4,5,19
QUERETARO,505,1544,676,0.4378238342,PAN,327,MORENA,207,PRI,69,327,69,6,7,12,207,3,10,4,5,2,5,19
QUERETARO,506,1424,749,0.5259831461,PAN,376,MORENA,216,PRI,63,376,63,6,24,16,216,7,2,2,14,5,4,14
QUERETARO,507,1524,801,0.5255905512,PAN,352,MORENA,286,PRI,80,352,80,6,15,13,286,3,7,6,10,6,4,13
QUERETARO,508,2125,1066,0.5016470588,PAN,564,MORENA,301,PRI,85,564,85,5,19,30,301,6,5,6,3,5,6,29
QUERETARO,509,1489,757,0.5083948959,PAN,379,MORENA,215,PRI,80,379,80,12,21,15,215,5,3,4,5,3,3,12
QUERETARO,510,2296,1055,0.4594947735,PAN,467,MORENA,316,PRI,111,467,111,19,18,32,316,6,6,5,12,8,8,46
QUERETARO,511,2224,875,0.3934352518,PAN,380,MORENA,295,PRI,84,380,84,6,12,32,295,3,2,5,7,8,8,33
QUERETARO,512,1708,654,0.3829039813,PAN,289,MORENA,180,PRI,89,289,89,5,13,18,180,8,11,4,5,5,6,20
QUERETARO,513,7883,3253,0.4126601548,PAN,1583,MORENA,985,PRI,303,1583,303,32,78,77,985,15,18,9,32,18,22,78
QUERETARO,514,4816,2249,0.4669850498,PAN,1051,MORENA,651,PRI,185,1051,185,16,48,29,651,20,11,8,17,12,150,45
QUERETARO,515,3795,2096,0.5523056653,PAN,1268,MORENA,499,PRI,156,1268,156,20,39,25,499,18,11,4,10,10,9,27
QUERETARO,516,2152,554,0.2574349442,PRI,223,PAN,169,MORENA,107,169,223,5,7,7,107,1,1,8,3,1,0,22
QUERETARO,518,3398,1298,0.3819894055,PAN,480,MORENA,357,PRI,311,480,311,4,20,20,357,4,7,27,10,15,1,42
QUERETARO,519,2646,842,0.3182161754,PAN,317,PRI,240,MORENA,153,317,240,8,12,37,153,5,4,5,5,6,8,42
QUERETARO,520,1584,690,0.4356060606,PAN,262,MORENA,160,PRI,153,262,153,11,21,18,160,5,1,11,11,8,2,27
QUERETARO,521,1198,474,0.3956594324,PAN,206,PRI,160,MORENA,69,206,160,1,8,8,69,2,1,0,0,4,2,13
QUERETARO,522,3817,1743,0.4566413414,MORENA,637,PAN,555,PRI,349,555,349,10,33,35,637,18,7,22,14,8,6,46
QUERETARO,523,1588,712,0.4483627204,PAN,252,PRI,178,MORENA,177,252,178,6,8,12,177,1,10,7,6,15,2,38
QUERETARO,524,2270,985,0.4339207048,PAN,361,MORENA,251,PRI,145,361,145,7,14,23,251,5,10,9,12,37,64,47
QUERETARO,525,2199,987,0.448840382,MORENA,432,PAN,327,PRI,104,327,104,6,10,24,432,8,14,6,23,4,3,25
QUERETARO,526,2163,839,0.3878871937,MORENA,310,PAN,271,PRI,149,271,149,2,20,17,310,6,2,12,19,7,2,22
QUERETARO,527,5285,1830,0.3462630085,PAN,928,PRI,392,MORENA,254,928,392,9,23,43,254,9,14,21,11,48,4,74
QUERETARO,528,1686,790,0.4685646501,PAN,366,MORENA,254,PRI,103,366,103,7,8,4,254,6,6,6,5,6,0,19
QUERETARO,529,9063,3147,0.3472360146,PAN,1049,MORENA,1010,PRI,601,1049,601,26,69,96,1010,21,21,17,24,26,99,87
QUERETARO,530,1484,524,0.3530997305,PAN,332,PRI,56,MORENA,52,332,56,3,1,15,52,2,3,2,11,4,2,34
QUERETARO,531,2604,1000,0.3840245776,PAN,418,MORENA,339,PRI,119,418,119,4,15,24,339,6,5,7,23,9,3,28
QUERETARO,532,2115,799,0.3777777778,PAN,350,MORENA,261,PRI,94,350,94,9,14,23,261,1,5,4,16,8,0,14
QUERETARO,533,1907,760,0.3985317252,MORENA,270,PAN,251,PRI,135,251,135,5,14,15,270,10,6,7,6,12,3,26
QUERETARO,534,1840,875,0.4755434783,PAN,408,MORENA,281,PRI,86,408,86,4,24,19,281,2,6,8,7,9,3,17
QUERETARO,535,1033,488,0.472410455,PAN,199,MORENA,160,PRI,74,199,74,4,11,10,160,1,4,0,3,4,5,13
QUERETARO,536,2824,1034,0.3661473088,MORENA,390,PAN,329,PRI,180,329,180,11,11,28,390,7,9,10,7,11,4,35
QUERETARO,537,2516,894,0.3553259141,MORENA,315,PAN,285,PRI,151,285,151,8,16,24,315,4,10,4,22,16,10,28
QUERETARO,538,1938,1343,0.6929824561,PAN,704,MORENA,301,PRI,159,704,159,9,22,22,301,7,36,2,18,13,16,33
QUERETARO,539,4473,1252,0.279901632,PAN,715,MORENA,197,PRI,171,715,171,19,24,38,197,2,7,8,20,4,4,39
QUERETARO,540,2818,1202,0.426543648,PAN,714,PRI,188,MORENA,168,714,188,4,11,12,168,2,5,8,17,14,19,40
QUERETARO,542,1908,930,0.4874213836,PAN,420,MORENA,353,PRI,75,420,75,4,13,22,353,5,2,5,4,5,1,20
QUERETARO,543,1697,626,0.3688862699,PAN,266,PRI,242,MORENA,42,266,242,5,4,17,42,8,4,3,5,0,2,28
QUERETARO,544,2318,1063,0.4585849871,MORENA,380,PAN,307,PRI,244,307,244,9,13,25,380,7,9,8,32,4,4,21
QUERETARO,545,7657,2089,0.2728222541,MORENA,806,PAN,792,PRI,285,792,285,12,40,41,806,4,22,12,17,12,10,34
QUERETARO,546,2729,1163,0.4261634298,PAN,419,MORENA,387,PRI,227,419,227,9,17,39,387,1,7,5,9,5,7,30
QUERETARO,547,2479,962,0.3880597015,PAN,366,MORENA,278,PRI,221,366,221,4,17,28,278,5,5,7,10,7,1,13
QUERETARO,548,3576,2647,0.740212528,PAN,1323,MORENA,519,PAN_QI,483,1323,148,13,26,43,519,3,26,11,10,5,483,37
QUERETARO,549,4725,1825,0.3862433862,PAN,674,MORENA,620,PRI,366,674,366,18,31,32,620,6,5,11,11,13,7,30
QUERETARO,550,6732,4364,0.6482471777,PAN,3386,MORENA,567,PRI,233,3386,233,7,46,36,567,12,13,5,8,6,7,36
QUERETARO,552,6253,2467,0.3945306253,PAN,1081,MORENA,871,PRI,279,1081,279,10,36,51,871,8,11,15,27,10,10,56
QUERETARO,553,16458,7904,0.4802527646,PAN,4553,MORENA,1826,PRI,649,4553,649,44,133,119,1826,19,44,31,48,30,299,99
QUERETARO,554,564,212,0.3758865248,PAN,104,MORENA,68,PRI,16,104,16,1,5,8,68,1,0,2,1,1,1,4
EL MARQUES,555,1353,780,0.5764966741,PAN,423,MORENA,171,PRI,96,423,96,11,9,19,171,6,3,3,3,16,0,20
SAN JOAQUIN,556,1058,706,0.6672967864,PAN,384,MORENA,137,PVEM,94,384,31,4,13,94,137,0,10,0,6,4,1,22
SAN JOAQUIN,557,2701,1711,0.6334690855,PAN,874,MORENA,332,PVEM,268,874,89,1,15,268,332,3,21,4,5,10,6,83
SAN JOAQUIN,558,1407,716,0.5088841507,PAN,398,PVEM,181,NULOS,52,398,17,0,3,181,43,0,7,4,6,1,4,52
SAN JOAQUIN,559,400,237,0.5925,PAN,96,PVEM,87,MORENA,18,96,13,0,1,87,18,1,3,1,2,3,1,11
SAN JOAQUIN,560,986,547,0.5547667343,PAN,274,PVEM,111,MORENA,91,274,36,3,3,111,91,0,6,1,3,1,2,16
SAN JOAQUIN,561,272,163,0.5992647059,PAN,72,MORENA,36,PVEM,22,72,15,2,2,22,36,0,0,0,2,0,0,12
SAN JOAQUIN,562,270,199,0.737037037,PAN,126,PVEM,36,MORENA,17,126,6,0,3,36,17,0,2,1,0,1,3,4
SAN JUAN DEL RIO,563,1903,868,0.4561219128,MORENA,381,PAN,265,PRI,119,265,119,7,20,19,381,6,5,6,12,6,2,20
SAN JUAN DEL RIO,564,3144,1303,0.4144402036,MORENA,515,PAN,509,PRI,135,509,135,7,29,33,515,4,6,17,15,11,1,21
SAN JUAN DEL RIO,565,10271,4140,0.4030766235,PAN,2088,MORENA,1269,PRI,363,2088,363,20,98,67,1269,19,31,33,23,48,8,72
SAN JUAN DEL RIO,567,2084,1722,0.8262955854,PAN,983,MORENA,420,PRI,143,983,143,6,23,27,420,8,31,10,8,14,9,36
SAN JUAN DEL RIO,568,2411,1272,0.5275819162,PAN,610,MORENA,420,PRI,91,610,91,6,45,26,420,5,6,9,11,9,4,28
SAN JUAN DEL RIO,569,987,573,0.5805471125,PAN,272,MORENA,187,PRI,32,272,32,6,14,8,187,4,8,3,10,5,4,18
SAN JUAN DEL RIO,570,2210,1155,0.5226244344,PAN,665,MORENA,297,PRI,92,665,92,5,20,21,297,3,5,7,10,12,1,17
SAN JUAN DEL RIO,571,2768,1481,0.5350433526,PAN,744,MORENA,439,PRI,144,744,144,9,26,24,439,5,19,6,14,19,3,20
SAN JUAN DEL RIO,572,1175,735,0.6255319149,PAN,434,MORENA,167,PRI,78,434,78,4,16,10,167,1,8,2,2,3,1,8
SAN JUAN DEL RIO,573,1188,739,0.6220538721,PAN,457,MORENA,159,PRI,55,457,55,5,19,12,159,0,6,1,5,7,1,12
SAN JUAN DEL RIO,574,1853,929,0.5013491635,PAN,482,MORENA,276,PRI,75,482,75,6,23,20,276,2,6,2,9,11,0,17
SAN JUAN DEL RIO,575,1192,537,0.4505033557,PAN,248,MORENA,176,PRI,47,248,47,4,17,7,176,1,3,6,5,5,2,16
SAN JUAN DEL RIO,576,1399,710,0.507505361,PAN,345,MORENA,224,PRI,68,345,68,5,27,10,224,2,3,3,7,3,1,11
SAN JUAN DEL RIO,577,1025,621,0.6058536585,PAN,332,MORENA,173,PRI,70,332,70,2,7,4,173,0,8,1,2,5,3,13
SAN JUAN DEL RIO,578,800,464,0.58,PAN,251,MORENA,106,PRI,49,251,49,4,11,4,106,6,7,5,0,13,0,8
SAN JUAN DEL RIO,579,1017,832,0.8180924287,PAN,371,PAN_QI,191,MORENA,127,371,65,4,19,10,127,2,12,4,5,10,191,10
SAN JUAN DEL RIO,580,1344,833,0.6197916667,PAN,480,MORENA,194,PRI,91,480,91,1,19,6,194,2,8,1,3,10,2,13
SAN JUAN DEL RIO,581,754,379,0.5026525199,PAN,212,MORENA,73,PRI,45,212,45,1,9,11,73,1,3,3,7,7,1,4
SAN JUAN DEL RIO,582,914,488,0.533916849,PAN,209,MORENA,167,PRI,54,209,54,1,11,11,167,2,5,3,5,6,2,11
SAN JUAN DEL RIO,583,1776,868,0.4887387387,PAN,406,MORENA,312,PRI,62,406,62,5,19,16,312,7,8,2,3,14,0,13
SAN JUAN DEL RIO,584,4872,2419,0.4965106732,PAN,1107,MORENA,867,PRI,179,1107,179,18,55,50,867,7,20,19,13,35,3,42
SAN JUAN DEL RIO,585,6620,2592,0.3915407855,PAN,1031,MORENA,1018,PRI,175,1031,175,17,87,83,1018,12,26,22,24,34,2,58
SAN JUAN DEL RIO,586,8108,3243,0.399975333,PAN,1418,MORENA,1230,PRI,199,1418,199,29,85,74,1230,19,21,23,23,48,8,65
SAN JUAN DEL RIO,587,1138,517,0.4543057996,PAN,219,MORENA,181,PRI,57,219,57,4,10,6,181,4,6,2,4,5,2,15
SAN JUAN DEL RIO,588,858,498,0.5804195804,PAN,242,MORENA,158,PRI,53,242,53,0,9,6,158,6,4,7,1,5,0,6
SAN JUAN DEL RIO,589,1162,623,0.5361445783,PAN,313,MORENA,177,PRI,51,313,51,1,23,11,177,4,8,6,6,9,1,12
SAN JUAN DEL RIO,590,1349,752,0.5574499629,PAN,394,MORENA,213,PRI,59,394,59,4,12,17,213,5,8,4,9,8,3,14
SAN JUAN DEL RIO,591,1362,861,0.6321585903,PAN,532,MORENA,179,PRI,85,532,85,6,9,6,179,0,9,2,10,10,2,11
SAN JUAN DEL RIO,592,1019,533,0.5230618253,PAN,257,MORENA,162,PRI,47,257,47,3,12,15,162,5,3,3,2,8,3,13
SAN JUAN DEL RIO,593,1022,488,0.4774951076,PAN,189,MORENA,180,PRI,51,189,51,5,10,16,180,4,8,2,5,0,3,15
SAN JUAN DEL RIO,594,1071,522,0.487394958,PAN,204,PAN,204,PRI,47,204,47,3,14,10,204,4,5,8,3,3,1,16
SAN JUAN DEL RIO,595,4894,2223,0.454229669,PAN,1014,MORENA,754,PRI,174,1014,174,16,54,77,754,12,14,17,20,23,5,42
SAN JUAN DEL RIO,596,879,408,0.4641638225,PAN,179,MORENA,130,PRI,36,179,36,3,7,4,130,4,6,2,6,4,5,21
SAN JUAN DEL RIO,597,783,442,0.56449553,PAN,228,MORENA,140,PRI,36,228,36,0,5,6,140,2,2,3,1,3,1,14
SAN JUAN DEL RIO,598,1224,643,0.5253267974,PAN,293,MORENA,222,PRI,49,293,49,4,11,25,222,3,1,7,2,14,0,12
SAN JUAN DEL RIO,599,6165,2547,0.4131386861,PAN,1080,MORENA,928,PRI,209,1080,209,14,63,72,928,13,18,15,22,40,9,61
SAN JUAN DEL RIO,600,2137,1023,0.4787084698,PAN,415,MORENA,387,PRI,80,415,80,12,30,27,387,6,10,5,9,15,6,20
SAN JUAN DEL RIO,601,913,515,0.5640744797,PAN,229,MORENA,170,PRI,56,229,56,8,10,12,170,2,4,4,2,7,1,10
SAN JUAN DEL RIO,602,1064,537,0.5046992481,PAN,268,MORENA,156,PRI,52,268,52,4,10,16,156,0,0,4,2,6,6,11
SAN JUAN DEL RIO,603,1069,478,0.4471468662,PAN,191,MORENA,146,PRI,75,191,75,2,14,16,146,1,7,1,5,5,0,13
SAN JUAN DEL RIO,604,1011,619,0.6122650841,PAN,320,MORENA,162,PRI,90,320,90,2,9,5,162,2,3,2,2,12,3,6
SAN JUAN DEL RIO,605,2698,1236,0.4581171238,PAN,553,MORENA,355,PRI,133,553,133,8,21,95,355,10,12,8,6,5,5,23
SAN JUAN DEL RIO,606,1718,1438,0.8370197905,PAN,736,MORENA,396,PRI,164,736,164,11,31,21,396,4,6,6,17,13,4,29
SAN JUAN DEL RIO,607,3010,1244,0.4132890365,PAN,504,MORENA,407,PRI,158,504,158,8,31,44,407,10,8,11,7,9,6,40
SAN JUAN DEL RIO,608,2849,1447,0.5078975079,PAN,879,MORENA,302,PRI,143,879,143,5,6,16,302,5,4,31,8,15,1,32
SAN JUAN DEL RIO,609,2083,1098,0.5271243399,PAN,655,MORENA,195,PRI,121,655,121,6,12,16,195,4,7,23,7,15,3,34
SAN JUAN DEL RIO,610,1372,703,0.5123906706,PAN,322,MORENA,225,PRI,79,322,79,7,9,12,225,3,1,7,11,10,1,16
SAN JUAN DEL RIO,611,2754,1236,0.4488017429,PAN,574,MORENA,299,PRI,220,574,220,8,22,26,299,5,5,17,8,13,1,38
SAN JUAN DEL RIO,612,2539,1044,0.4111855061,PAN,475,MORENA,353,PRI,102,475,102,7,14,22,353,3,5,10,5,7,5,36
SAN JUAN DEL RIO,613,2765,1085,0.3924050633,PAN,453,MORENA,354,PRI,115,453,115,11,14,32,354,2,5,59,9,8,1,22
SAN JUAN DEL RIO,614,4685,1825,0.3895410886,PAN,731,MORENA,710,PRI,194,731,194,14,28,32,710,7,11,15,13,17,3,50
SAN JUAN DEL RIO,615,2978,996,0.3344526528,PAN,641,MORENA,142,PRI,127,641,127,5,3,16,142,7,3,4,5,7,3,33
SAN JUAN DEL RIO,616,2716,1631,0.6005154639,PAN,1014,MORENA,374,PRI,112,1014,112,6,23,16,374,5,6,10,7,15,1,42
SAN JUAN DEL RIO,618,1769,788,0.4454494064,MORENA,300,PAN,295,PRI,82,295,82,8,21,15,300,5,8,13,10,9,1,20
SAN JUAN DEL RIO,619,3566,1578,0.4425126192,PAN,662,MORENA,586,PRI,113,662,113,15,33,36,586,13,24,25,11,12,3,44
SAN JUAN DEL RIO,620,3105,1225,0.3945249597,PAN,671,MORENA,223,PRI,151,671,151,7,26,22,223,3,4,24,24,19,1,50
SAN JUAN DEL RIO,621,1576,730,0.4631979695,PAN,506,PRI,102,MORENA,53,506,102,5,4,18,53,2,2,1,3,4,6,24
SAN JUAN DEL RIO,622,2594,1081,0.4167309175,PAN,602,MORENA,243,PRI,93,602,93,11,23,23,243,6,1,14,5,22,3,35
SAN JUAN DEL RIO,624,6218,2652,0.4265036989,PAN,1077,MORENA,900,PRI,322,1077,322,19,72,58,900,16,19,25,16,37,5,84
SAN JUAN DEL RIO,625,1738,589,0.3388952819,PAN,309,MORENA,128,PRI,74,309,74,4,15,19,128,0,4,4,2,6,2,22
SAN JUAN DEL RIO,626,1793,845,0.4712771891,PAN,437,MORENA,198,PRI,98,437,98,8,16,26,198,3,2,4,11,19,2,21
SAN JUAN DEL RIO,627,11504,3458,0.3005910987,PAN,1454,MORENA,1388,PRI,237,1454,237,19,53,88,1388,11,32,25,22,38,9,82
SAN JUAN DEL RIO,628,725,261,0.36,PAN,201,PRI,25,MORENA,24,201,25,1,1,3,24,1,0,1,1,1,0,2
SAN JUAN DEL RIO,629,1981,725,0.3659767794,PAN,262,PRI,247,MORENA,80,262,247,9,10,10,80,8,5,34,3,14,6,36
SAN JUAN DEL RIO,630,1801,863,0.4791782343,PAN,421,MORENA,212,PRI,119,421,119,5,12,30,212,5,2,10,5,6,1,35
SAN JUAN DEL RIO,631,1379,679,0.4923857868,PAN,341,PRI,133,MORENA,120,341,133,6,14,24,120,3,3,6,5,2,2,20
SAN JUAN DEL RIO,632,4604,1883,0.4089921807,PAN,741,MORENA,637,PRI,242,741,242,13,36,66,637,14,18,19,15,18,8,54
SAN JUAN DEL RIO,633,1797,735,0.409015025,PAN,232,MORENA,207,PRI,136,232,136,1,15,80,207,3,7,8,7,11,2,26
SAN JUAN DEL RIO,634,2208,971,0.4397644928,PAN,298,MORENA,237,PRI,203,298,203,7,11,130,237,7,11,11,4,11,3,38
SAN JUAN DEL RIO,635,2224,1199,0.539118705,PAN,571,PRI,318,MORENA,141,571,318,20,23,35,141,3,6,13,7,16,3,42
SAN JUAN DEL RIO,636,1422,710,0.4992967651,PAN,356,PRI,139,MORENA,133,356,139,2,11,18,133,3,2,19,6,5,0,16
SAN JUAN DEL RIO,637,2073,953,0.4597202123,PAN,491,MORENA,221,PRI,129,491,129,1,18,41,221,3,2,12,8,5,1,21
SAN JUAN DEL RIO,638,1837,832,0.4529123571,PAN,312,MORENA,213,PRI,157,312,157,1,13,77,213,9,10,7,8,8,0,17
SAN JUAN DEL RIO,639,2709,1331,0.4913252123,PAN,579,PRI,331,MORENA,265,579,331,10,17,38,265,7,8,14,5,7,6,43
SAN JUAN DEL RIO,640,2829,1304,0.4609402616,PAN,735,MORENA,327,PRI,135,735,135,7,16,18,327,9,5,12,3,5,3,28
SAN JUAN DEL RIO,641,2351,1129,0.4802211825,PAN,475,PRI,300,MORENA,223,475,300,3,9,35,223,5,4,5,16,17,5,31
SAN JUAN DEL RIO,642,2861,1182,0.413142258,PAN,621,MORENA,304,PRI,152,621,152,1,15,31,304,3,4,5,8,11,6,21
SAN JUAN DEL RIO,643,1212,632,0.5214521452,PRI,256,PAN,185,MORENA,134,185,256,6,6,14,134,3,3,2,2,3,3,15
TEQUISQUIAPAN,644,699,531,0.7596566524,PAN,437,MORENA,38,PRI,26,437,26,3,3,4,38,1,8,2,1,0,1,6
TEQUISQUIAPAN,645,1776,1094,0.615990991,PAN,689,MORENA,214,PRI,66,689,66,8,13,16,214,4,28,3,12,7,11,22
TEQUISQUIAPAN,646,2078,1590,0.7651588065,PAN,705,MORENA,272,PAN_QI,240,705,143,40,30,35,272,5,49,9,24,11,240,25
TEQUISQUIAPAN,647,2431,1524,0.6269025093,PAN,805,MORENA,324,PRI,170,805,170,41,31,27,324,0,48,4,27,6,5,34
TEQUISQUIAPAN,648,2902,1731,0.5964851826,PAN,822,MORENA,442,PRI,207,822,207,22,28,27,442,3,52,7,59,8,16,35
TEQUISQUIAPAN,649,1247,791,0.6343223737,PAN,393,MORENA,162,PRI,117,393,117,10,13,10,162,5,25,5,18,6,3,24
TEQUISQUIAPAN,650,1436,896,0.6239554318,PAN,452,MORENA,201,PRI,128,452,128,6,29,12,201,1,23,4,15,1,4,20
TEQUISQUIAPAN,651,1202,982,0.8169717138,PAN,419,PAN_QI,218,MORENA,164,419,76,17,24,3,164,3,24,4,12,5,218,12
TEQUISQUIAPAN,652,419,276,0.6587112172,PAN,186,MORENA,50,PRI,16,186,16,6,5,1,50,0,6,0,1,0,1,4
TEQUISQUIAPAN,653,1587,990,0.6238185255,PAN,539,MORENA,210,PRI,89,539,89,29,22,17,210,6,26,10,4,4,3,31
TEQUISQUIAPAN,654,1428,904,0.6330532213,PAN,489,MORENA,214,PRI,70,489,70,24,16,18,214,6,12,5,17,3,15,13
TEQUISQUIAPAN,655,715,443,0.6195804196,PAN,224,MORENA,99,PRI,58,224,58,2,9,9,99,2,13,2,8,3,0,14
TEQUISQUIAPAN,656,2221,1743,0.7847816299,PAN,995,MORENA,382,PRI,167,995,167,12,30,33,382,8,37,5,24,9,13,23
TEQUISQUIAPAN,657,1479,911,0.6159567275,PAN,503,MORENA,223,PRI,57,503,57,15,17,15,223,1,34,4,15,9,2,15
TEQUISQUIAPAN,658,2105,1295,0.6152019002,PAN,708,MORENA,290,PRI,96,708,96,24,22,25,290,3,47,5,28,8,8,30
TEQUISQUIAPAN,659,3585,2106,0.5874476987,PAN,1045,MORENA,605,PRI,149,1045,149,39,39,23,605,6,75,17,42,16,3,47
TEQUISQUIAPAN,660,2205,1303,0.5909297052,PAN,716,MORENA,190,PRI,167,716,167,30,11,20,190,3,31,9,84,2,0,40
TEQUISQUIAPAN,661,1767,1007,0.5698924731,PAN,583,PRI,104,MORENA,87,583,104,56,13,20,87,3,48,4,35,27,2,25
TEQUISQUIAPAN,662,1194,784,0.6566164154,PAN,398,MORENA,128,PRI,80,398,80,30,12,20,128,5,20,10,30,9,2,39
TEQUISQUIAPAN,663,1049,717,0.683508103,PAN,382,MORENA,105,PRI,51,382,51,21,19,19,105,4,27,6,51,4,4,24
TEQUISQUIAPAN,664,781,488,0.6248399488,PAN,375,MORENA,49,PRI,16,375,16,7,2,4,49,1,13,1,4,4,3,8
TEQUISQUIAPAN,665,2344,1501,0.6403583618,PAN,971,MORENA,237,PRI,94,971,94,31,21,14,237,7,31,6,33,11,1,40
TEQUISQUIAPAN,666,2759,1564,0.5668720551,PAN,679,MORENA,323,PRI,275,679,275,24,17,18,323,3,50,7,87,8,11,50
TEQUISQUIAPAN,667,2644,1636,0.6187594554,PAN,693,PRI,487,MORENA,271,693,487,27,10,23,271,9,17,9,33,19,4,34
TEQUISQUIAPAN,668,2647,1518,0.5734794107,PAN,917,MORENA,169,PRI,157,917,157,48,19,23,169,3,48,16,57,12,5,43
TEQUISQUIAPAN,669,1636,1068,0.6528117359,PAN,576,MORENA,161,PRI,98,576,98,30,30,18,161,3,50,2,36,26,8,29
TEQUISQUIAPAN,670,1587,1044,0.6578449905,PAN,543,MORENA,189,PRI,106,543,106,38,20,23,189,2,41,14,33,11,0,24
TEQUISQUIAPAN,671,2333,1360,0.5829404201,PAN,645,MORENA,301,PRD,107,645,89,107,15,30,301,3,41,10,57,9,10,42
TEQUISQUIAPAN,672,2527,1391,0.5504550851,PAN,642,MORENA,315,PRI,155,642,155,47,20,27,315,13,32,11,61,21,0,46
TEQUISQUIAPAN,673,2736,1625,0.5939327485,PAN,641,MORENA,454,PRI,145,641,145,46,17,19,454,4,31,18,64,11,139,36
TOLIMAN,674,1597,1132,0.7088290545,PAN,473,MORENA,405,PRI,113,473,113,4,32,14,405,10,10,2,23,14,6,23
TOLIMAN,675,1750,1300,0.7428571429,PAN,495,MORENA,473,PRI,103,495,103,12,27,27,473,37,12,12,54,17,9,20
TOLIMAN,676,275,198,0.72,PAN,66,MORENA,53,PRI,32,66,32,5,4,6,53,4,3,3,10,6,1,5
TOLIMAN,677,1807,1236,0.6840066408,PAN,433,MORENA,250,RSP,178,433,115,16,51,15,250,7,30,17,178,39,1,84
TOLIMAN,678,877,663,0.755986317,PAN,228,MORENA,215,PRI,74,228,74,6,19,11,215,11,13,4,18,40,1,23
TOLIMAN,679,2658,1861,0.7001504891,PAN,621,MORENA,503,RSP,275,621,146,9,84,25,503,27,32,38,275,26,3,71
TOLIMAN,680,1132,851,0.7517667845,PAN,350,MORENA,284,PRI,82,350,82,8,21,20,284,9,10,7,26,19,0,14
TOLIMAN,681,1065,794,0.7455399061,PAN,364,MORENA,259,PRI,55,364,55,2,28,24,259,9,6,2,22,8,3,12
TOLIMAN,682,2348,1649,0.7022998296,PAN,722,MORENA,481,PRI,208,722,208,9,37,27,481,9,17,13,29,58,3,36
TOLIMAN,683,1779,1302,0.7318718381,PAN,498,MORENA,466,PRI,83,498,83,9,45,24,466,17,32,3,35,63,3,24
TOLIMAN,684,3039,2010,0.6614017769,PAN,739,MORENA,620,MC,315,739,121,10,315,43,620,13,26,10,35,16,2,60
TOLIMAN,685,76,59,0.7763157895,PAN,40,MORENA,7,PRI,6,40,6,0,4,0,7,1,0,0,0,1,0,0
TOLIMAN,686,952,624,0.6554621849,PAN,252,MORENA,129,PRI,126,252,126,7,10,16,129,4,16,4,20,12,2,26
TOLIMAN,687,2161,1519,0.702915317,PAN,846,MORENA,278,PRI,140,846,140,6,46,33,278,13,31,10,56,19,5,35
CORREGIDORA,688,3785,2563,0.6771466314,PAN,1951,MORENA,342,PRI,101,1951,101,17,25,36,342,11,14,1,12,7,15,30
CORREGIDORA,689,537,196,0.364990689,PAN,104,MORENA,55,PRI,19,104,19,1,0,2,55,1,0,0,2,1,0,11
CORREGIDORA,690,955,397,0.4157068063,PAN,188,MORENA,125,PRI,37,188,37,2,8,13,125,5,0,2,2,3,0,12
QUERETARO,691,745,312,0.4187919463,PAN,157,MORENA,92,PRI,23,157,23,3,3,5,92,9,6,1,1,2,1,9
QUERETARO,692,826,417,0.504842615,PAN,208,MORENA,111,PRI,37,208,37,4,6,13,111,5,3,2,8,3,1,16
QUERETARO,693,977,466,0.4769703173,PAN,201,MORENA,145,PRI,46,201,46,22,8,7,145,5,2,3,7,2,3,15
CORREGIDORA,694,1429,570,0.3988803359,PAN,250,MORENA,200,PRI,47,250,47,2,18,14,200,2,5,2,12,4,3,10
CORREGIDORA,695,2666,975,0.3657164291,PAN,435,MORENA,273,PRI,94,435,94,13,18,30,273,31,11,14,7,10,8,31
QUERETARO,696,1260,611,0.4849206349,MORENA,198,PAN,171,PRI,114,171,114,5,7,8,198,2,2,3,0,2,86,12
QUERETARO,697,1199,545,0.4545454545,PAN,218,MORENA,191,PRI,77,218,77,4,13,11,191,0,2,3,10,3,0,13
QUERETARO,698,1332,684,0.5135135135,PAN,349,MORENA,219,PRI,61,349,61,2,14,6,219,3,2,6,4,1,0,17
QUERETARO,699,1443,619,0.428967429,MORENA,242,PAN,235,PRI,70,235,70,6,14,12,242,2,1,7,6,4,8,12
QUERETARO,700,1256,625,0.497611465,PAN,286,MORENA,195,PRI,52,286,52,3,29,18,195,2,2,5,11,6,2,14
QUERETARO,701,1278,578,0.4522691706,MORENA,223,PAN,204,PRI,67,204,67,5,8,17,223,6,5,3,14,5,3,18
QUERETARO,702,1295,680,0.5250965251,PAN,368,MORENA,176,PRI,56,368,56,9,14,19,176,0,6,5,12,2,4,9
QUERETARO,703,1315,657,0.4996197719,PAN,292,MORENA,213,PRI,74,292,74,8,14,14,213,5,4,6,9,5,1,12
QUERETARO,704,1154,589,0.5103986135,PAN,285,MORENA,178,PRI,68,285,68,3,14,13,178,7,2,3,5,1,1,9
QUERETARO,705,1185,577,0.4869198312,PAN,261,MORENA,184,PRI,61,261,61,6,10,14,184,8,2,6,4,3,3,15
QUERETARO,706,1105,546,0.4941176471,PAN,244,MORENA,153,PRI,74,244,74,2,18,10,153,3,6,2,8,8,1,17
QUERETARO,707,1119,464,0.4146559428,PAN,174,MORENA,164,PRI,61,174,61,0,5,11,164,4,3,1,5,7,4,23
QUERETARO,708,959,407,0.4244004171,MORENA,158,PAN,107,PRI,72,107,72,3,11,9,158,4,2,6,8,4,2,21
QUERETARO,709,1000,428,0.428,MORENA,151,PAN,128,PRI,95,128,95,4,8,10,151,3,4,4,6,5,2,7
QUERETARO,710,1234,488,0.3954619125,PAN,168,MORENA,156,PRI,107,168,107,3,15,9,156,3,2,2,3,6,1,13
QUERETARO,711,1200,593,0.4941666667,PAN,287,MORENA,169,PRI,73,287,73,4,15,13,169,7,4,3,4,3,0,9
QUERETARO,712,1247,648,0.5196471532,PAN,286,MORENA,212,PRI,70,286,70,3,13,13,212,1,6,2,10,5,3,21
QUERETARO,713,1158,608,0.5250431779,PAN,373,MORENA,129,PRI,49,373,49,6,16,7,129,1,1,1,4,1,0,20
QUERETARO,714,1190,657,0.5521008403,PAN,321,MORENA,192,PRI,77,321,77,7,19,14,192,4,3,2,5,4,0,9
QUERETARO,715,1931,1017,0.5266701191,PAN,487,MORENA,309,PRI,116,487,116,5,18,16,309,8,11,7,4,4,5,26
QUERETARO,716,1317,696,0.5284738041,PAN,368,MORENA,188,PRI,48,368,48,9,25,11,188,5,6,6,8,6,2,13
QUERETARO,717,1199,608,0.507089241,PAN,263,MORENA,221,PRI,58,263,58,2,19,14,221,3,2,4,12,3,1,6
QUERETARO,718,1617,657,0.4063079777,PAN,254,MORENA,225,PRI,82,254,82,4,21,15,225,3,6,7,4,9,7,20
QUERETARO,719,1379,756,0.5482233503,PAN,316,MORENA,270,PRI,84,316,84,5,20,15,270,6,10,3,4,4,4,15
QUERETARO,720,852,470,0.5516431925,PAN,194,MORENA,188,PRI,43,194,43,1,7,13,188,3,1,5,3,0,1,11
QUERETARO,721,792,386,0.4873737374,MORENA,153,PAN,151,PRI,38,151,38,2,10,16,153,1,0,2,2,1,3,6
QUERETARO,722,1733,853,0.4922100404,PAN,405,MORENA,266,PRI,65,405,65,4,29,22,266,4,4,8,10,10,5,20
QUERETARO,723,2036,1022,0.5019646365,PAN,486,MORENA,317,PRI,118,486,118,4,24,20,317,2,6,11,7,8,4,13
QUERETARO,724,1094,515,0.470749543,PAN,211,MORENA,177,PRI,74,211,74,2,6,16,177,3,7,3,2,3,0,11
QUERETARO,725,2599,1243,0.4782608696,PAN,668,MORENA,346,PRI,99,668,99,3,27,33,346,6,11,3,16,8,7,15
QUERETARO,726,1068,424,0.3970037453,MORENA,227,PAN,98,PRI,52,98,52,3,5,13,227,5,2,4,4,2,0,9
QUERETARO,727,3126,1295,0.4142674344,PAN,717,MORENA,334,PRI,129,717,129,4,16,22,334,9,6,9,15,11,6,15
QUERETARO,728,1086,564,0.5193370166,PAN,264,MORENA,169,PRI,64,264,64,8,13,14,169,1,1,6,6,1,7,9
QUERETARO,729,1103,578,0.5240253853,PAN,246,MORENA,211,PRI,60,246,60,5,13,13,211,3,2,1,4,3,6,11
QUERETARO,730,529,320,0.6049149338,MORENA,124,PAN,118,PRI,36,118,36,6,5,4,124,3,3,5,3,4,0,9
QUERETARO,731,934,517,0.5535331906,PAN,266,MORENA,157,PRI,49,266,49,1,8,12,157,4,4,4,2,0,4,6
QUERETARO,732,1518,798,0.5256916996,PAN,393,MORENA,223,PRI,99,393,99,5,22,13,223,1,2,3,9,10,3,15
QUERETARO,733,1685,680,0.4035608309,MORENA,266,PAN,256,PRI,94,256,94,1,10,8,266,5,7,4,15,2,1,10
QUERETARO,734,550,300,0.5454545455,PAN,145,MORENA,86,PRI,22,145,22,2,15,6,86,2,3,4,2,4,3,6
QUERETARO,735,578,337,0.5830449827,PAN,168,MORENA,115,PRI,21,168,21,3,5,9,115,1,0,1,1,2,3,8
QUERETARO,736,1044,468,0.4482758621,PAN,186,MORENA,182,PRI,45,186,45,2,7,9,182,5,4,3,7,3,7,8
QUERETARO,737,1000,442,0.442,PAN,194,MORENA,156,PRI,35,194,35,1,8,21,156,3,4,3,3,2,7,5
QUERETARO,738,1009,455,0.4509415263,PAN,225,MORENA,135,PRI,46,225,46,7,7,8,135,1,4,3,5,4,1,8
QUERETARO,739,1170,514,0.4393162393,MORENA,204,PAN,197,PRI,56,197,56,3,6,12,204,2,1,3,5,6,0,18
QUERETARO,740,1235,516,0.4178137652,PAN,198,PAN,198,PRI,63,198,63,7,10,12,198,1,2,4,5,0,4,11
QUERETARO,741,1229,528,0.4296175753,PAN,213,MORENA,184,PRI,60,213,60,0,18,12,184,11,2,0,6,6,3,13
QUERETARO,742,1147,517,0.4507410636,PAN,236,MORENA,180,PRI,46,236,46,5,20,6,180,1,4,3,0,3,3,9
QUERETARO,743,1431,654,0.4570230608,PAN,326,MORENA,227,PRI,43,326,43,4,5,7,227,4,5,2,6,7,3,14
QUERETARO,744,1134,527,0.4647266314,PAN,249,MORENA,200,PRI,40,249,40,0,9,10,200,1,2,1,1,2,3,8
QUERETARO,745,1118,571,0.5107334526,PAN,239,MORENA,227,PRI,49,239,49,4,9,10,227,4,3,5,2,3,2,14
QUERETARO,746,356,138,0.3876404494,PAN,55,MORENA,50,PRI,16,55,16,1,4,5,50,2,0,0,1,1,0,3
QUERETARO,747,1296,599,0.462191358,PAN,262,MORENA,211,PRI,68,262,68,4,13,6,211,2,5,3,6,1,3,15
QUERETARO,748,465,213,0.4580645161,PAN,90,MORENA,86,PRI,10,90,10,2,3,8,86,2,0,0,8,0,2,2
QUERETARO,749,670,276,0.4119402985,PAN,119,MORENA,101,PRI,26,119,26,1,6,8,101,2,2,0,2,1,2,4
QUERETARO,750,1111,556,0.500450045,PAN,251,MORENA,190,PRI,54,251,54,1,9,9,190,5,6,3,6,10,2,10
QUERETARO,751,2126,1095,0.5150517404,PAN,529,MORENA,373,PRI,80,529,80,5,36,20,373,3,5,3,7,5,7,19
QUERETARO,752,1425,660,0.4631578947,PAN,330,MORENA,211,PRI,66,330,66,5,15,16,211,1,0,2,1,3,5,5
QUERETARO,753,5220,2155,0.412835249,PAN,1095,MORENA,742,PRI,120,1095,120,8,41,40,742,9,21,5,12,21,10,31
QUERETARO,754,12608,4746,0.376427665,PAN,2521,MORENA,1481,PRI,319,2521,319,24,93,96,1481,22,34,25,24,26,19,61
QUERETARO,755,1377,678,0.4923747277,PAN,308,MORENA,237,PRI,53,308,53,2,18,19,237,5,1,3,8,4,6,12
QUERETARO,756,1185,555,0.4683544304,PAN,252,MORENA,187,PRI,49,252,49,3,17,8,187,3,3,5,3,8,3,13
QUERETARO,757,663,281,0.4238310709,PAN,118,MORENA,97,PRI,31,118,31,1,6,6,97,2,5,2,0,4,0,9
QUERETARO,758,1581,508,0.321315623,PAN,202,MORENA,194,PRI,47,202,47,7,5,7,194,2,4,3,9,3,6,19
QUERETARO,759,2532,994,0.3925750395,PAN,481,MORENA,289,PRI,90,481,90,8,30,25,289,7,6,6,21,6,5,20
EL MARQUES,760,1029,577,0.5607385811,PAN,233,PRI,172,MORENA,120,233,172,5,6,18,120,0,1,4,2,3,0,13
EL MARQUES,761,7955,4867,0.6118164676,PAN,3726,MORENA,654,PRI,232,3726,232,14,57,58,654,10,21,5,16,20,27,26
EL MARQUES,762,1857,901,0.4851911686,PAN,489,MORENA,201,PRI,130,489,130,6,13,10,201,5,3,4,7,5,5,21
EL MARQUES,763,1826,904,0.4950711939,PAN,523,MORENA,165,PRI,150,523,150,3,7,11,165,4,3,1,8,2,2,25
CORREGIDORA,764,1194,583,0.4882747069,PAN,301,MORENA,145,PRI,54,301,54,3,19,16,145,8,4,7,4,5,4,13
CORREGIDORA,765,1089,711,0.652892562,PAN,492,MORENA,123,PRI,37,492,37,2,17,8,123,7,6,1,4,1,4,9
CORREGIDORA,766,953,586,0.6149003148,PAN,416,MORENA,95,PRI,30,416,30,2,9,14,95,1,4,5,2,1,0,6
CORREGIDORA,767,1129,733,0.6492471213,PAN,478,MORENA,142,PRI,32,478,32,3,15,24,142,4,4,3,2,4,4,17
CORREGIDORA,768,646,436,0.6749226006,PAN,312,MORENA,81,PRI,13,312,13,1,6,9,81,0,0,0,3,3,0,8
CORREGIDORA,769,813,435,0.5350553506,PAN,261,MORENA,118,PRI,18,261,18,3,6,12,118,6,2,1,2,3,0,3
CORREGIDORA,770,1556,835,0.5366323907,PAN,553,MORENA,163,PRI,50,553,50,4,13,15,163,7,4,0,1,5,8,11
CORREGIDORA,771,629,449,0.7138314785,PAN,324,MORENA,74,PRI,22,324,22,2,7,4,74,0,4,0,3,2,0,7
CORREGIDORA,772,1300,800,0.6153846154,PAN,547,MORENA,165,PRI,29,547,29,7,16,11,165,5,5,0,6,1,0,8
CORREGIDORA,773,701,329,0.4693295292,PAN,183,MORENA,83,PRI,19,183,19,2,5,11,83,8,2,1,5,2,1,7
CORREGIDORA,774,718,478,0.6657381616,PAN,359,MORENA,67,PRI,22,359,22,1,14,3,67,1,2,0,2,1,2,4
CORREGIDORA,775,1086,714,0.6574585635,PAN,524,MORENA,112,PRI,29,524,29,5,11,5,112,4,5,0,5,4,2,6
CORREGIDORA,776,1029,656,0.6375121477,PAN,426,MORENA,115,PRI,44,426,44,5,19,10,115,6,6,3,5,11,0,5
CORREGIDORA,777,946,605,0.6395348837,PAN,425,MORENA,91,PRI,30,425,30,5,6,19,91,7,2,3,1,4,1,10
CORREGIDORA,778,1174,729,0.6209540034,PAN,494,MORENA,129,PRI,42,494,42,2,16,14,129,3,6,2,8,6,0,7
CORREGIDORA,779,979,596,0.608784474,PAN,412,MORENA,122,PRI,28,412,28,0,6,10,122,0,4,5,1,0,1,6
CORREGIDORA,780,492,319,0.6483739837,PAN,219,MORENA,60,PRI,16,219,16,2,5,9,60,1,0,1,2,0,0,3
CORREGIDORA,781,426,267,0.6267605634,PAN,199,MORENA,48,MC,4,199,3,0,4,4,48,1,0,1,1,3,2,1
CORREGIDORA,782,1018,660,0.6483300589,PAN,478,MORENA,98,PRI,38,478,38,1,7,10,98,5,4,2,2,4,0,11
CORREGIDORA,783,732,492,0.6721311475,PAN,353,MORENA,79,PRI,28,353,28,5,3,6,79,2,1,2,5,1,1,6
CORREGIDORA,784,1551,899,0.5796260477,PAN,590,MORENA,190,PRI,34,590,34,2,12,15,190,7,6,4,5,6,4,24
CORREGIDORA,785,1583,988,0.6241313961,PAN,662,MORENA,207,PRI,39,662,39,2,15,16,207,3,6,3,3,7,8,17
CORREGIDORA,786,1023,659,0.6441837732,PAN,495,MORENA,88,PRI,27,495,27,2,12,11,88,3,5,0,2,0,4,10
CORREGIDORA,787,426,315,0.7394366197,PAN,255,MORENA,32,PRI,9,255,9,1,3,3,32,1,5,1,0,2,0,3
CORREGIDORA,788,2198,826,0.3757961783,PAN,461,MORENA,216,PRI,65,461,65,5,16,21,216,4,7,4,4,9,0,10
CORREGIDORA,789,1344,818,0.6086309524,PAN,596,MORENA,123,PRI,36,596,36,6,18,12,123,0,2,0,8,1,4,12
CORREGIDORA,790,852,558,0.6549295775,PAN,397,MORENA,94,PRI,31,397,31,2,13,6,94,1,3,1,3,2,1,3
CORREGIDORA,791,1307,785,0.6006120888,PAN,517,MORENA,164,PRI,44,517,44,3,19,8,164,2,8,0,2,4,8,6
CORREGIDORA,792,1148,724,0.6306620209,PAN,538,MORENA,102,PRI,34,538,34,7,10,8,102,2,6,2,2,3,3,7
CORREGIDORA,793,1346,873,0.6485884101,PAN,611,MORENA,161,PRI,42,611,42,3,8,8,161,4,11,2,4,4,2,13
CORREGIDORA,794,705,437,0.619858156,PAN,302,MORENA,78,PRI,23,302,23,1,8,6,78,2,0,5,2,1,5,4
CORREGIDORA,795,1231,709,0.5759545085,PAN,474,MORENA,156,PRI,21,474,21,4,11,12,156,4,4,2,6,4,2,8
CORREGIDORA,796,501,342,0.6826347305,PAN,255,MORENA,52,PRI,16,255,16,1,1,5,52,3,3,0,1,1,1,3
SAN JUAN DEL RIO,797,801,445,0.5555555556,PAN,213,MORENA,135,PRI,35,213,35,1,17,13,135,6,1,2,4,7,1,9
SAN JUAN DEL RIO,798,1181,652,0.5520745131,PAN,281,MORENA,200,PRI,83,281,83,5,18,19,200,1,9,10,7,4,0,15
SAN JUAN DEL RIO,799,1335,613,0.45917603,PAN,278,MORENA,184,PRI,70,278,70,4,14,15,184,2,7,13,2,3,2,18
SAN JUAN DEL RIO,800,599,319,0.5325542571,PAN,162,MORENA,94,PRI,13,162,13,2,8,10,94,5,3,2,3,3,1,11
SAN JUAN DEL RIO,801,1077,498,0.4623955432,PAN,200,MORENA,190,PRI,32,200,32,6,14,12,190,3,3,5,8,4,2,17
SAN JUAN DEL RIO,802,1519,704,0.4634628045,PAN,310,MORENA,233,PRI,64,310,64,7,16,9,233,6,13,8,9,9,1,17
SAN JUAN DEL RIO,803,824,395,0.479368932,PAN,162,MORENA,149,PRI,35,162,35,2,10,9,149,1,3,3,4,2,4,11
SAN JUAN DEL RIO,804,1674,842,0.5029868578,PAN,398,MORENA,292,PRI,62,398,62,5,19,13,292,6,6,2,7,12,3,16
SAN JUAN DEL RIO,805,931,430,0.4618689581,PAN,167,MORENA,154,PRI,57,167,57,1,13,14,154,0,4,4,3,4,1,6
SAN JUAN DEL RIO,806,812,488,0.6009852217,PAN,213,MORENA,169,PRI,41,213,41,1,18,8,169,2,1,3,6,12,3,10
SAN JUAN DEL RIO,807,1059,517,0.4881964117,PAN,252,MORENA,173,PRI,30,252,30,3,12,10,173,5,6,3,2,8,0,13
SAN JUAN DEL RIO,808,1398,713,0.5100143062,PAN,352,MORENA,230,PRI,71,352,71,1,14,12,230,4,4,4,3,8,1,9
SAN JUAN DEL RIO,809,1379,618,0.4481508339,PAN,299,MORENA,204,PRI,29,299,29,2,18,18,204,6,10,3,6,4,0,18
SAN JUAN DEL RIO,810,1324,673,0.5083081571,PAN,327,MORENA,248,PRI,37,327,37,2,14,11,248,2,2,3,6,7,1,12
SAN JUAN DEL RIO,811,754,451,0.5981432361,PAN,203,MORENA,163,PRI,20,203,20,5,10,13,163,2,6,2,3,6,2,9
SAN JUAN DEL RIO,812,612,347,0.5669934641,PAN,174,MORENA,115,PRI,27,174,27,2,7,5,115,1,2,0,1,1,3,7
SAN JUAN DEL RIO,813,787,453,0.5756035578,PAN,231,MORENA,137,PRI,36,231,36,3,9,7,137,0,8,3,2,5,0,12
SAN JUAN DEL RIO,814,1125,537,0.4773333333,PAN,243,MORENA,174,PRI,52,243,52,6,15,7,174,1,9,3,9,5,0,13
SAN JUAN DEL RIO,815,770,389,0.5051948052,PAN,162,MORENA,140,PRI,29,162,29,3,8,16,140,4,1,2,2,7,3,10
SAN JUAN DEL RIO,816,910,535,0.5879120879,PAN,270,MORENA,179,PRI,33,270,33,2,13,11,179,1,3,1,4,9,1,8
SAN JUAN DEL RIO,817,815,439,0.5386503067,PAN,195,MORENA,161,PRI,34,195,34,2,11,6,161,5,8,1,2,3,2,9
SAN JUAN DEL RIO,818,1004,550,0.5478087649,PAN,243,MORENA,194,PRI,40,243,40,3,14,13,194,8,0,2,8,6,4,15
QUERETARO,819,840,454,0.5404761905,PAN,231,MORENA,151,PRI,37,231,37,2,3,8,151,4,4,2,5,2,1,4
QUERETARO,820,1028,523,0.5087548638,PAN,269,MORENA,165,PRI,41,269,41,1,10,14,165,1,4,2,3,1,0,12
QUERETARO,821,680,326,0.4794117647,PAN,155,MORENA,117,PRI,25,155,25,2,8,3,117,4,4,1,2,2,0,3
QUERETARO,822,1114,623,0.5592459605,PAN,348,MORENA,174,PRI,45,348,45,7,9,15,174,5,2,4,6,3,2,3
QUERETARO,823,585,292,0.4991452991,PAN,164,MORENA,85,PRI,16,164,16,0,4,4,85,5,1,1,3,1,2,6
QUERETARO,824,434,171,0.3940092166,PAN,78,MORENA,69,PRI,9,78,9,1,4,2,69,3,0,0,0,1,0,3
QUERETARO,825,1052,409,0.38878327,PAN,190,MORENA,147,PRI,34,190,34,1,9,7,147,1,4,3,3,4,3,3
QUERETARO,826,735,320,0.4353741497,PAN,154,MORENA,109,PRI,24,154,24,3,5,10,109,4,1,2,3,0,2,3
QUERETARO,827,914,328,0.3588621444,MORENA,138,PAN,113,PRI,40,113,40,4,4,4,138,0,2,3,3,3,3,11
QUERETARO,828,499,272,0.5450901804,PAN,130,MORENA,80,PRI,23,130,23,2,9,5,80,0,3,0,3,4,3,10
QUERETARO,829,818,291,0.3557457213,PAN,113,MORENA,111,PRI,31,113,31,3,9,6,111,0,0,3,2,7,0,6
QUERETARO,830,1014,479,0.4723865878,MORENA,204,PAN,144,PAN_QI,77,144,27,2,2,8,204,1,3,0,2,1,77,8
QUERETARO,831,588,307,0.5221088435,PAN,169,MORENA,84,PRI,24,169,24,2,7,8,84,2,3,2,0,3,1,1
QUERETARO,832,748,362,0.4839572193,PAN,168,MORENA,108,PRI,32,168,32,7,19,7,108,4,2,3,1,4,0,6
QUERETARO,833,812,468,0.5763546798,PAN,202,MORENA,152,PRI,41,202,41,4,17,9,152,9,6,4,3,1,4,15
QUERETARO,834,733,338,0.4611186903,PAN,163,MORENA,110,PRI,32,163,32,2,5,3,110,1,4,0,0,7,4,7
QUERETARO,835,652,366,0.5613496933,PAN,184,MORENA,108,PRI,38,184,38,3,2,9,108,4,3,0,1,5,0,9
QUERETARO,836,906,426,0.4701986755,PAN,181,MORENA,164,PRI,28,181,28,2,12,8,164,1,6,4,6,2,1,10
QUERETARO,837,826,402,0.4866828087,PAN,211,MORENA,115,PRI,42,211,42,4,7,4,115,0,2,3,1,9,0,3
QUERETARO,838,864,331,0.3831018519,PAN,144,MORENA,120,PRI,35,144,35,2,8,7,120,2,0,0,1,3,5,4
QUERETARO,839,677,328,0.4844903988,PAN,172,MORENA,90,PRI,24,172,24,6,13,10,90,2,1,1,1,5,0,3
QUERETARO,840,1030,313,0.3038834951,PAN,116,MORENA,57,PT,55,116,40,2,4,14,57,55,2,5,2,8,4,2
QUERETARO,841,517,192,0.3713733075,MORENA,78,PAN,77,PRI,16,77,16,1,3,6,78,0,0,3,3,2,0,3
QUERETARO,842,823,352,0.4277035237,MORENA,128,PAN,118,PRI,55,118,55,1,7,5,128,2,1,2,10,4,4,15
QUERETARO,843,800,272,0.34,MORENA,118,PAN,101,PRI,21,101,21,2,3,5,118,3,3,3,0,3,4,6
QUERETARO,844,687,253,0.3682678311,MORENA,109,PAN,70,PRI,42,70,42,1,6,5,109,5,2,2,0,2,2,7
QUERETARO,845,651,274,0.420890937,MORENA,100,PAN,89,PRI,42,89,42,0,6,10,100,4,2,2,2,3,6,8
QUERETARO,846,2247,819,0.3644859813,PAN,424,MORENA,253,PRI,60,424,60,3,17,20,253,4,9,3,5,3,14,4
QUERETARO,847,637,247,0.387755102,PAN,118,MORENA,71,PRI,31,118,31,4,5,5,71,0,1,2,4,2,1,3
QUERETARO,848,553,204,0.3688969259,MORENA,81,PAN,73,PRI,19,73,19,3,3,5,81,1,3,1,5,3,1,5
QUERETARO,849,690,269,0.3898550725,PAN,110,MORENA,92,PRI,38,110,38,0,3,8,92,2,3,3,2,1,0,7
QUERETARO,850,754,242,0.3209549072,PAN,111,MORENA,79,PRI,26,111,26,1,0,4,79,0,5,3,2,2,4,5
QUERETARO,851,793,291,0.3669609079,PAN,127,MORENA,100,PRI,23,127,23,0,6,4,100,1,3,4,7,3,2,11
QUERETARO,852,651,252,0.3870967742,PAN,121,MORENA,80,PRI,21,121,21,1,6,0,80,3,1,2,2,4,0,10
QUERETARO,853,702,290,0.4131054131,PAN,151,MORENA,80,PRI,26,151,26,1,2,3,80,2,4,0,4,1,5,11
QUERETARO,854,1296,556,0.4290123457,PAN,297,MORENA,147,PRI,40,297,40,3,15,14,147,3,6,3,8,4,6,10
QUERETARO,855,1103,467,0.4233907525,PAN,227,MORENA,152,PRI,38,227,38,3,9,7,152,3,1,6,1,6,1,13
QUERETARO,856,1651,718,0.4348879467,PAN,318,MORENA,253,PRI,68,318,68,5,20,12,253,3,3,5,14,3,6,8
QUERETARO,857,2256,947,0.4197695035,PAN,404,MORENA,359,PRI,71,404,71,7,28,27,359,5,5,5,8,5,8,12
QUERETARO,858,1379,570,0.4133430022,PAN,249,MORENA,220,PRI,37,249,37,2,13,9,220,6,3,3,2,7,6,12
QUERETARO,859,2097,803,0.3829279924,PAN,364,MORENA,301,PRI,61,364,61,8,11,9,301,9,4,4,11,2,7,12
QUERETARO,860,2002,738,0.3686313686,MORENA,302,PAN,293,PRI,55,293,55,5,25,18,302,4,2,0,3,8,5,17
QUERETARO,861,1612,644,0.3995037221,PAN,276,MORENA,249,PRI,52,276,52,6,13,13,249,6,1,2,5,4,3,12
QUERETARO,862,2520,983,0.3900793651,PAN,404,MORENA,386,PRI,83,404,83,7,21,20,386,9,5,3,10,11,2,22
QUERETARO,863,1164,477,0.4097938144,MORENA,197,PAN,156,PRI,63,156,63,8,5,16,197,2,6,2,8,4,0,10
QUERETARO,864,2179,943,0.4327673245,PAN,404,MORENA,319,PRI,97,404,97,6,17,32,319,4,6,3,15,9,4,27
QUERETARO,865,1592,666,0.4183417085,MORENA,292,PAN,219,PRI,57,219,57,6,13,11,292,5,5,3,18,13,5,19
QUERETARO,866,2362,884,0.3742591025,MORENA,390,PAN,303,PRI,55,303,55,14,16,22,390,12,5,7,14,14,8,24
QUERETARO,867,1605,466,0.2903426791,PAN,196,MORENA,158,PRI,67,196,67,0,5,14,158,2,4,4,3,1,4,8
QUERETARO,868,2325,1033,0.4443010753,PAN,498,MORENA,273,PRI,187,498,187,3,15,18,273,5,3,1,3,5,6,16
QUERETARO,869,1773,1200,0.6768189509,PAN,944,MORENA,142,PRI,56,944,56,6,18,9,142,2,6,2,0,4,1,10
QUERETARO,870,1759,1225,0.6964184196,PAN,973,MORENA,123,PRI,59,973,59,6,21,11,123,4,6,3,4,3,0,10
QUERETARO,871,2049,610,0.2977061981,PAN,228,MORENA,201,PRI,113,228,113,7,9,18,201,5,2,2,3,5,2,13
QUERETARO,872,1495,459,0.3070234114,PAN,189,MORENA,138,PRI,86,189,86,2,8,11,138,5,0,6,2,5,0,7
QUERETARO,873,3149,1000,0.3175611305,MORENA,374,PAN,363,PRI,153,363,153,7,15,23,374,8,7,7,8,4,6,24
QUERETARO,874,686,267,0.389212828,MORENA,115,PAN,103,PRI,26,103,26,1,7,5,115,1,0,0,3,1,0,5
QUERETARO,875,1438,502,0.3490959666,PAN,189,MORENA,162,PRI,97,189,97,2,5,11,162,5,2,5,2,3,5,14
QUERETARO,876,1534,621,0.4048239896,PAN,278,MORENA,135,PT,74,278,73,3,11,7,135,74,6,4,9,4,3,13
QUERETARO,877,2255,716,0.3175166297,PAN,281,MORENA,230,PRI,106,281,106,2,20,15,230,3,7,4,16,3,6,23
QUERETARO,878,1479,470,0.3177822853,PAN,176,MORENA,170,PRI,88,176,88,4,13,9,170,2,0,3,2,2,0,1
QUERETARO,879,1877,1245,0.663292488,PAN,1020,MORENA,129,PRI,33,1020,33,5,27,2,129,2,1,0,5,4,6,10
QUERETARO,880,825,622,0.7539393939,PAN,537,MORENA,49,PRI,16,537,16,4,5,2,49,0,2,0,0,0,0,7
QUERETARO,881,1454,1010,0.6946354883,PAN,848,MORENA,90,PRI,31,848,31,5,10,7,90,3,1,1,3,0,1,9
QUERETARO,882,1471,916,0.6227056424,PAN,706,MORENA,108,PRI,45,706,45,2,8,9,108,3,7,2,5,8,0,12
QUERETARO,883,1378,950,0.6894049347,PAN,809,MORENA,81,PRI,28,809,28,4,10,1,81,1,3,3,2,1,0,6
QUERETARO,884,1548,1161,0.75,PAN,1009,MORENA,90,PRI,29,1009,29,4,14,3,90,3,1,0,0,0,4,4
QUERETARO,885,1532,904,0.590078329,PAN,707,MORENA,121,PRI,36,707,36,4,15,4,121,2,3,0,2,2,1,5
QUERETARO,886,1343,971,0.7230081906,PAN,860,MORENA,60,PRI,22,860,22,2,10,2,60,3,3,0,0,2,4,3
QUERETARO,887,2270,2038,0.8977973568,PAN,1441,PAN_QI,372,MORENA,122,1441,43,6,18,5,122,5,4,1,7,6,372,8
QUERETARO,888,1308,950,0.7262996942,PAN,841,MORENA,60,PRI,20,841,20,4,12,3,60,0,1,0,2,2,0,5
QUERETARO,889,2333,1737,0.7445349336,PAN,1525,MORENA,117,PRI,37,1525,37,8,19,6,117,5,7,3,0,1,4,5
QUERETARO,890,3064,2040,0.6657963446,PAN,1756,MORENA,143,PRI,64,1756,64,11,18,7,143,5,12,1,2,5,7,8
QUERETARO,891,1445,1003,0.6941176471,PAN,868,MORENA,82,PRI,23,868,23,2,8,1,82,2,6,1,2,1,2,5
CADEREYTA DE MONTES,892,3025,1639,0.5418181818,PAN,749,MORENA,421,PRI,256,749,256,3,16,71,421,5,10,1,19,33,14,41
CADEREYTA DE MONTES,893,611,356,0.5826513912,PAN,187,MORENA,73,PRI,37,187,37,1,3,37,73,1,5,0,1,4,2,5
COLON,894,2082,961,0.4615754083,PAN,447,PRI,205,MORENA,102,447,205,2,19,20,102,6,43,8,14,25,22,48
COLON,895,1286,691,0.5373250389,PAN,336,PRI,147,MORENA,83,336,147,1,6,18,83,4,32,14,5,10,7,28
COLON,896,2442,1481,0.6064701065,PAN,507,MORENA,390,PRI,247,507,247,5,22,23,390,2,31,10,21,165,3,55
COLON,897,945,614,0.6497354497,PAN,196,MORENA,177,PRI,123,196,123,2,10,16,177,1,25,2,6,37,0,19
SAN JUAN DEL RIO,898,2244,1093,0.4870766488,PAN,528,MORENA,290,PRI,143,528,143,9,18,20,290,6,7,19,14,8,5,26
SAN JUAN DEL RIO,899,1181,555,0.4699407282,PAN,218,MORENA,201,PRI,47,218,47,2,11,24,201,1,4,31,2,4,0,10
SAN JUAN DEL RIO,900,2297,1119,0.4871571615,PAN,477,MORENA,374,PRI,110,477,110,12,21,33,374,5,11,12,15,14,4,30
SAN JUAN DEL RIO,901,1104,564,0.5108695652,PAN,242,MORENA,149,PRI,68,242,68,3,15,19,149,4,9,21,1,8,2,21
QUERETARO,902,2216,882,0.3980144404,PAN,501,PRI,144,MORENA,135,501,144,8,11,20,135,2,5,4,12,8,3,29
QUERETARO,903,984,525,0.5335365854,PAN,266,MORENA,105,PRI,88,266,88,3,14,10,105,1,1,12,2,4,1,18
AMEALCO DE BONFIL,904,1002,663,0.6616766467,MORENA,298,PAN,190,PRI,96,190,96,4,5,10,298,3,3,4,10,5,6,29
AMEALCO DE BONFIL,905,3175,1786,0.562519685,MORENA,828,PAN,487,PRI,299,487,299,20,23,20,828,8,2,10,6,15,4,64
EL MARQUES,906,2065,1452,0.7031476998,PAN,567,PRI,456,MORENA,260,567,456,4,36,26,260,55,4,7,8,2,0,27
EL MARQUES,907,1917,1273,0.6640584246,PAN,466,MORENA,345,PAN_QI,180,466,170,11,12,21,345,20,7,5,5,6,180,25
